ctgov,dist,parameter1,parameter2,r
NCT00034840,exp,1,rate,3.125e-02
NCT00051558,exp,1,rate,5.435e-03
NCT00125918,exp,1,rate,1.587e-02
NCT00152984,exp,1,rate,6.250e-02
NCT00153023,exp,1,rate,6.024e-03
NCT00153088,exp,1,rate,1.176e-02
NCT00168831,exp,1,rate,3.937e-03
NCT00168844,exp,1,rate,5.076e-03
NCT00168857,exp,1,rate,5.780e-03
NCT00239421,exp,1,rate,4.000e-02
NCT00274014,exp,1,rate,3.968e-03
NCT00274053,exp,1,rate,9.259e-03
NCT00274079,exp,1,rate,2.000e-02
NCT00274547,exp,1,rate,2.584e-03
NCT00274560,exp,1,rate,1.449e-02
NCT00274573,exp,1,rate,3.460e-03
NCT00274599,exp,1,rate,1.136e-02
NCT00274612,exp,1,rate,1.220e-02
NCT00277264,exp,1,rate,4.587e-03
NCT00321854,exp,1,rate,6.897e-03
NCT00384930,exp,1,rate,6.897e-03
NCT00402233,exp,1,rate,2.703e-02
NCT00466167,exp,1,rate,1.493e-02
NCT00472199,exp,1,rate,1.053e-02
NCT00479401,exp,1,rate,1.031e-02
NCT00525512,exp,1,rate,6.250e-03
NCT00563381,exp,1,rate,8.117e-04
NCT00601250,exp,1,rate,1.961e-02
NCT00602472,exp,1,rate,1.299e-02
NCT00622284,exp,1,rate,2.801e-03
NCT00641043,exp,1,rate,3.030e-02
NCT00654381,exp,1,rate,3.448e-02
NCT00734474,exp,1,rate,2.304e-03
NCT00740051,exp,1,rate,2.000e-02
NCT00772538,exp,1,rate,2.174e-02
NCT00776984,exp,1,rate,1.961e-02
NCT00782210,exp,1,rate,8.403e-03
NCT00782509,exp,1,rate,1.010e-02
NCT00793624,exp,1,rate,5.917e-03
NCT00798161,exp,1,rate,1.000e-02
NCT00800683,exp,1,rate,2.941e-02
NCT00848081,exp,1,rate,2.778e-02
NCT00855582,exp,1,rate,1.429e-02
NCT00861757,exp,1,rate,2.041e-02
NCT00915772,exp,1,rate,9.091e-03
NCT00926289,exp,1,rate,1.724e-02
NCT00954447,exp,1,rate,5.988e-03
NCT00970632,exp,1,rate,1.887e-02
NCT00975195,exp,1,rate,2.188e-03
NCT00996658,exp,1,rate,3.333e-02
NCT01064687,exp,1,rate,9.615e-03
NCT01075282,exp,1,rate,1.190e-02
NCT01084005,exp,1,rate,4.762e-02
NCT01087502,exp,1,rate,2.000e-02
NCT01126437,exp,1,rate,2.553e-04
NCT01126580,exp,1,rate,7.092e-03
NCT01131676,exp,1,rate,2.066e-03
NCT01159600,exp,1,rate,1.010e-02
NCT01164501,exp,1,rate,1.099e-02
NCT01167881,exp,1,rate,4.167e-03
NCT01177813,exp,1,rate,1.075e-02
NCT01191268,exp,1,rate,6.369e-03
NCT01191944,exp,1,rate,2.778e-02
NCT01194830,exp,1,rate,1.887e-02
NCT01204294,exp,1,rate,2.778e-02
NCT01210001,exp,1,rate,2.564e-02
NCT01214239,exp,1,rate,3.448e-02
NCT01306214,exp,1,rate,1.149e-02
NCT01335464,exp,1,rate,8.772e-03
NCT01335477,exp,1,rate,8.264e-03
NCT01368081,exp,1,rate,1.042e-02
NCT01370005,exp,1,rate,2.857e-02
NCT01422876,exp,1,rate,5.208e-03
NCT01558271,exp,1,rate,2.222e-02
NCT01621178,exp,1,rate,1.064e-02
NCT01624259,exp,1,rate,2.703e-02
NCT01694771,exp,1,rate,1.299e-02
NCT01708902,exp,1,rate,1.538e-02
NCT01719003,exp,1,rate,8.264e-03
NCT01769378,exp,1,rate,4.167e-02
NCT02152371,exp,1,rate,3.704e-02
NCT02172287,exp,1,rate,8.547e-03
NCT02172586,exp,1,rate,2.083e-02
NCT02175355,exp,1,rate,1.563e-02
NCT02177344,exp,1,rate,1.299e-02
NCT02177396,exp,1,rate,3.125e-02
NCT02177461,exp,1,rate,9.434e-03
NCT02183064,exp,1,rate,9.091e-03
NCT02200653,exp,1,rate,5.556e-02
NCT02240680,exp,1,rate,4.348e-02
NCT02489968,exp,1,rate,4.167e-02
NCT02750410,exp,1,rate,5.882e-02
NCT00034840,gengamma,mu,mu,7.334e-01
NCT00034840,gengamma,mu,sigma,1.884e+00
NCT00034840,gengamma,mu,Q,-2.441e+00
NCT00034840,gengamma,sigma,mu,1.884e+00
NCT00034840,gengamma,sigma,sigma,6.147e+00
NCT00034840,gengamma,sigma,Q,-8.244e+00
NCT00034840,gengamma,Q,mu,-2.441e+00
NCT00034840,gengamma,Q,sigma,-8.244e+00
NCT00034840,gengamma,Q,Q,1.111e+01
NCT00051558,gengamma,mu,mu,3.118e-02
NCT00051558,gengamma,mu,sigma,-1.352e-02
NCT00051558,gengamma,mu,Q,4.129e-02
NCT00051558,gengamma,sigma,mu,-1.352e-02
NCT00051558,gengamma,sigma,sigma,2.324e-02
NCT00051558,gengamma,sigma,Q,-4.564e-02
NCT00051558,gengamma,Q,mu,4.129e-02
NCT00051558,gengamma,Q,sigma,-4.564e-02
NCT00051558,gengamma,Q,Q,1.071e-01
NCT00125918,gengamma,mu,mu,5.004e-02
NCT00125918,gengamma,mu,sigma,2.184e-02
NCT00125918,gengamma,mu,Q,6.439e-03
NCT00125918,gengamma,sigma,mu,2.184e-02
NCT00125918,gengamma,sigma,sigma,1.222e-02
NCT00125918,gengamma,sigma,Q,3.956e-03
NCT00125918,gengamma,Q,mu,6.439e-03
NCT00125918,gengamma,Q,sigma,3.956e-03
NCT00125918,gengamma,Q,Q,1.317e-03
NCT00152984,gengamma,mu,mu,1.404e+00
NCT00152984,gengamma,mu,sigma,1.248e-01
NCT00152984,gengamma,mu,Q,2.459e-01
NCT00152984,gengamma,sigma,mu,1.248e-01
NCT00152984,gengamma,sigma,sigma,1.397e-02
NCT00152984,gengamma,sigma,Q,2.370e-02
NCT00152984,gengamma,Q,mu,2.459e-01
NCT00152984,gengamma,Q,sigma,2.370e-02
NCT00152984,gengamma,Q,Q,4.425e-02
NCT00153023,gengamma,mu,mu,9.201e-02
NCT00153023,gengamma,mu,sigma,-1.588e-02
NCT00153023,gengamma,mu,Q,7.480e-02
NCT00153023,gengamma,sigma,mu,-1.588e-02
NCT00153023,gengamma,sigma,sigma,4.461e-02
NCT00153023,gengamma,sigma,Q,-1.015e-01
NCT00153023,gengamma,Q,mu,7.480e-02
NCT00153023,gengamma,Q,sigma,-1.015e-01
NCT00153023,gengamma,Q,Q,2.542e-01
NCT00153088,gengamma,mu,mu,1.031e-01
NCT00153088,gengamma,mu,sigma,8.357e-02
NCT00153088,gengamma,mu,Q,-9.669e-02
NCT00153088,gengamma,sigma,mu,8.357e-02
NCT00153088,gengamma,sigma,sigma,1.818e-01
NCT00153088,gengamma,sigma,Q,-2.772e-01
NCT00153088,gengamma,Q,mu,-9.669e-02
NCT00153088,gengamma,Q,sigma,-2.772e-01
NCT00153088,gengamma,Q,Q,4.444e-01
NCT00168831,gengamma,mu,mu,8.337e-02
NCT00168831,gengamma,mu,sigma,-2.433e-02
NCT00168831,gengamma,mu,Q,9.553e-02
NCT00168831,gengamma,sigma,mu,-2.433e-02
NCT00168831,gengamma,sigma,sigma,2.149e-02
NCT00168831,gengamma,sigma,Q,-5.815e-02
NCT00168831,gengamma,Q,mu,9.553e-02
NCT00168831,gengamma,Q,sigma,-5.815e-02
NCT00168831,gengamma,Q,Q,1.784e-01
NCT00168844,gengamma,mu,mu,1.011e-01
NCT00168844,gengamma,mu,sigma,-2.802e-02
NCT00168844,gengamma,mu,Q,1.102e-01
NCT00168844,gengamma,sigma,mu,-2.802e-02
NCT00168844,gengamma,sigma,sigma,3.527e-02
NCT00168844,gengamma,sigma,Q,-9.049e-02
NCT00168844,gengamma,Q,mu,1.102e-01
NCT00168844,gengamma,Q,sigma,-9.049e-02
NCT00168844,gengamma,Q,Q,2.564e-01
NCT00168857,gengamma,mu,mu,1.566e-01
NCT00168857,gengamma,mu,sigma,-7.633e-01
NCT00168857,gengamma,mu,Q,1.700e+00
NCT00168857,gengamma,sigma,mu,-7.633e-01
NCT00168857,gengamma,sigma,sigma,4.663e+00
NCT00168857,gengamma,sigma,Q,-1.023e+01
NCT00168857,gengamma,Q,mu,1.700e+00
NCT00168857,gengamma,Q,sigma,-1.023e+01
NCT00168857,gengamma,Q,Q,2.246e+01
NCT00239421,gengamma,mu,mu,3.614e-01
NCT00239421,gengamma,mu,sigma,7.898e-02
NCT00239421,gengamma,mu,Q,5.767e-02
NCT00239421,gengamma,sigma,mu,7.898e-02
NCT00239421,gengamma,sigma,sigma,1.946e-02
NCT00239421,gengamma,sigma,Q,1.392e-02
NCT00239421,gengamma,Q,mu,5.767e-02
NCT00239421,gengamma,Q,sigma,1.392e-02
NCT00239421,gengamma,Q,Q,9.984e-03
NCT00274014,gengamma,mu,mu,4.340e-02
NCT00274014,gengamma,mu,sigma,-1.660e-02
NCT00274014,gengamma,mu,Q,6.114e-02
NCT00274014,gengamma,sigma,mu,-1.660e-02
NCT00274014,gengamma,sigma,sigma,2.484e-02
NCT00274014,gengamma,sigma,Q,-6.112e-02
NCT00274014,gengamma,Q,mu,6.114e-02
NCT00274014,gengamma,Q,sigma,-6.112e-02
NCT00274014,gengamma,Q,Q,1.680e-01
NCT00274053,gengamma,mu,mu,1.440e-01
NCT00274053,gengamma,mu,sigma,-3.728e-02
NCT00274053,gengamma,mu,Q,1.789e-01
NCT00274053,gengamma,sigma,mu,-3.728e-02
NCT00274053,gengamma,sigma,sigma,4.012e-02
NCT00274053,gengamma,sigma,Q,-1.160e-01
NCT00274053,gengamma,Q,mu,1.789e-01
NCT00274053,gengamma,Q,sigma,-1.160e-01
NCT00274053,gengamma,Q,Q,3.928e-01
NCT00274079,gengamma,mu,mu,1.902e+00
NCT00274079,gengamma,mu,sigma,-2.054e-01
NCT00274079,gengamma,mu,Q,2.048e+00
NCT00274079,gengamma,sigma,mu,-2.054e-01
NCT00274079,gengamma,sigma,sigma,4.772e-02
NCT00274079,gengamma,sigma,Q,-2.958e-01
NCT00274079,gengamma,Q,mu,2.048e+00
NCT00274079,gengamma,Q,sigma,-2.958e-01
NCT00274079,gengamma,Q,Q,2.453e+00
NCT00274547,gengamma,mu,mu,1.507e-02
NCT00274547,gengamma,mu,sigma,5.096e-03
NCT00274547,gengamma,mu,Q,4.154e-04
NCT00274547,gengamma,sigma,mu,5.096e-03
NCT00274547,gengamma,sigma,sigma,2.329e-03
NCT00274547,gengamma,sigma,Q,3.505e-04
NCT00274547,gengamma,Q,mu,4.154e-04
NCT00274547,gengamma,Q,sigma,3.505e-04
NCT00274547,gengamma,Q,Q,8.425e-05
NCT00274560,gengamma,mu,mu,3.332e-01
NCT00274560,gengamma,mu,sigma,-1.767e+00
NCT00274560,gengamma,mu,Q,3.554e+00
NCT00274560,gengamma,sigma,mu,-1.767e+00
NCT00274560,gengamma,sigma,sigma,1.776e+01
NCT00274560,gengamma,sigma,Q,-3.487e+01
NCT00274560,gengamma,Q,mu,3.554e+00
NCT00274560,gengamma,Q,sigma,-3.487e+01
NCT00274560,gengamma,Q,Q,6.851e+01
NCT00274573,gengamma,mu,mu,2.374e-01
NCT00274573,gengamma,mu,sigma,-2.495e-02
NCT00274573,gengamma,mu,Q,2.394e-01
NCT00274573,gengamma,sigma,mu,-2.495e-02
NCT00274573,gengamma,sigma,sigma,6.741e-03
NCT00274573,gengamma,sigma,Q,-3.586e-02
NCT00274573,gengamma,Q,mu,2.394e-01
NCT00274573,gengamma,Q,sigma,-3.586e-02
NCT00274573,gengamma,Q,Q,2.751e-01
NCT00274599,gengamma,mu,mu,2.132e-01
NCT00274599,gengamma,mu,sigma,1.556e-01
NCT00274599,gengamma,mu,Q,-1.995e-01
NCT00274599,gengamma,sigma,mu,1.556e-01
NCT00274599,gengamma,sigma,sigma,1.863e-01
NCT00274599,gengamma,sigma,Q,-2.821e-01
NCT00274599,gengamma,Q,mu,-1.995e-01
NCT00274599,gengamma,Q,sigma,-2.821e-01
NCT00274599,gengamma,Q,Q,4.483e-01
NCT00274612,gengamma,mu,mu,2.256e-01
NCT00274612,gengamma,mu,sigma,1.960e-01
NCT00274612,gengamma,mu,Q,-2.128e-01
NCT00274612,gengamma,sigma,mu,1.960e-01
NCT00274612,gengamma,sigma,sigma,2.213e-01
NCT00274612,gengamma,sigma,Q,-2.678e-01
NCT00274612,gengamma,Q,mu,-2.128e-01
NCT00274612,gengamma,Q,sigma,-2.678e-01
NCT00274612,gengamma,Q,Q,3.400e-01
NCT00277264,gengamma,mu,mu,3.263e-01
NCT00277264,gengamma,mu,sigma,-2.951e-02
NCT00277264,gengamma,mu,Q,2.807e-01
NCT00277264,gengamma,sigma,mu,-2.951e-02
NCT00277264,gengamma,sigma,sigma,7.682e-03
NCT00277264,gengamma,sigma,Q,-3.711e-02
NCT00277264,gengamma,Q,mu,2.807e-01
NCT00277264,gengamma,Q,sigma,-3.711e-02
NCT00277264,gengamma,Q,Q,2.776e-01
NCT00321854,gengamma,mu,mu,6.695e-02
NCT00321854,gengamma,mu,sigma,-2.130e-02
NCT00321854,gengamma,mu,Q,9.362e-02
NCT00321854,gengamma,sigma,mu,-2.130e-02
NCT00321854,gengamma,sigma,sigma,2.651e-02
NCT00321854,gengamma,sigma,Q,-7.047e-02
NCT00321854,gengamma,Q,mu,9.362e-02
NCT00321854,gengamma,Q,sigma,-7.047e-02
NCT00321854,gengamma,Q,Q,2.246e-01
NCT00384930,gengamma,mu,mu,7.047e-02
NCT00384930,gengamma,mu,sigma,-2.328e-02
NCT00384930,gengamma,mu,Q,1.028e-01
NCT00384930,gengamma,sigma,mu,-2.328e-02
NCT00384930,gengamma,sigma,sigma,5.959e-02
NCT00384930,gengamma,sigma,Q,-1.569e-01
NCT00384930,gengamma,Q,mu,1.028e-01
NCT00384930,gengamma,Q,sigma,-1.569e-01
NCT00384930,gengamma,Q,Q,4.469e-01
NCT00402233,gengamma,mu,mu,9.016e-01
NCT00402233,gengamma,mu,sigma,8.136e-02
NCT00402233,gengamma,mu,Q,1.281e+00
NCT00402233,gengamma,sigma,mu,8.136e-02
NCT00402233,gengamma,sigma,sigma,1.906e-02
NCT00402233,gengamma,sigma,Q,7.395e-02
NCT00402233,gengamma,Q,mu,1.281e+00
NCT00402233,gengamma,Q,sigma,7.395e-02
NCT00402233,gengamma,Q,Q,2.118e+00
NCT00466167,gengamma,mu,mu,1.533e-01
NCT00466167,gengamma,mu,sigma,4.148e-02
NCT00466167,gengamma,mu,Q,2.010e-03
NCT00466167,gengamma,sigma,mu,4.148e-02
NCT00466167,gengamma,sigma,sigma,1.346e-02
NCT00466167,gengamma,sigma,Q,1.465e-03
NCT00466167,gengamma,Q,mu,2.010e-03
NCT00466167,gengamma,Q,sigma,1.465e-03
NCT00466167,gengamma,Q,Q,4.060e-04
NCT00472199,gengamma,mu,mu,3.884e-01
NCT00472199,gengamma,mu,sigma,-5.519e-03
NCT00472199,gengamma,mu,Q,3.389e-01
NCT00472199,gengamma,sigma,mu,-5.519e-03
NCT00472199,gengamma,sigma,sigma,7.090e-03
NCT00472199,gengamma,sigma,Q,-1.934e-02
NCT00472199,gengamma,Q,mu,3.389e-01
NCT00472199,gengamma,Q,sigma,-1.934e-02
NCT00472199,gengamma,Q,Q,3.524e-01
NCT00479401,gengamma,mu,mu,3.547e-01
NCT00479401,gengamma,mu,sigma,-9.255e-02
NCT00479401,gengamma,mu,Q,3.829e-01
NCT00479401,gengamma,sigma,mu,-9.255e-02
NCT00479401,gengamma,sigma,sigma,7.023e-02
NCT00479401,gengamma,sigma,Q,-2.071e-01
NCT00479401,gengamma,Q,mu,3.829e-01
NCT00479401,gengamma,Q,sigma,-2.071e-01
NCT00479401,gengamma,Q,Q,6.743e-01
NCT00525512,gengamma,mu,mu,5.292e-02
NCT00525512,gengamma,mu,sigma,-1.281e-02
NCT00525512,gengamma,mu,Q,4.738e-02
NCT00525512,gengamma,sigma,mu,-1.281e-02
NCT00525512,gengamma,sigma,sigma,3.665e-02
NCT00525512,gengamma,sigma,Q,-6.981e-02
NCT00525512,gengamma,Q,mu,4.738e-02
NCT00525512,gengamma,Q,sigma,-6.981e-02
NCT00525512,gengamma,Q,Q,1.512e-01
NCT00563381,gengamma,mu,mu,2.451e-02
NCT00563381,gengamma,mu,sigma,-5.807e-03
NCT00563381,gengamma,mu,Q,2.651e-02
NCT00563381,gengamma,sigma,mu,-5.807e-03
NCT00563381,gengamma,sigma,sigma,4.539e-03
NCT00563381,gengamma,sigma,Q,-1.385e-02
NCT00563381,gengamma,Q,mu,2.651e-02
NCT00563381,gengamma,Q,sigma,-1.385e-02
NCT00563381,gengamma,Q,Q,4.770e-02
NCT00601250,gengamma,mu,mu,2.005e-01
NCT00601250,gengamma,mu,sigma,4.688e-02
NCT00601250,gengamma,mu,Q,2.078e-02
NCT00601250,gengamma,sigma,mu,4.688e-02
NCT00601250,gengamma,sigma,sigma,1.262e-02
NCT00601250,gengamma,sigma,Q,5.755e-03
NCT00601250,gengamma,Q,mu,2.078e-02
NCT00601250,gengamma,Q,sigma,5.755e-03
NCT00601250,gengamma,Q,Q,2.637e-03
NCT00602472,gengamma,mu,mu,7.029e-01
NCT00602472,gengamma,mu,sigma,5.628e-01
NCT00602472,gengamma,mu,Q,-6.074e-01
NCT00602472,gengamma,sigma,mu,5.628e-01
NCT00602472,gengamma,sigma,sigma,4.986e-01
NCT00602472,gengamma,sigma,Q,-5.625e-01
NCT00602472,gengamma,Q,mu,-6.074e-01
NCT00602472,gengamma,Q,sigma,-5.625e-01
NCT00602472,gengamma,Q,Q,6.493e-01
NCT00622284,gengamma,mu,mu,2.308e-02
NCT00622284,gengamma,mu,sigma,-2.116e-03
NCT00622284,gengamma,mu,Q,1.505e-02
NCT00622284,gengamma,sigma,mu,-2.116e-03
NCT00622284,gengamma,sigma,sigma,2.207e-02
NCT00622284,gengamma,sigma,Q,-4.229e-02
NCT00622284,gengamma,Q,mu,1.505e-02
NCT00622284,gengamma,Q,sigma,-4.229e-02
NCT00622284,gengamma,Q,Q,8.901e-02
NCT00641043,gengamma,mu,mu,1.575e+00
NCT00641043,gengamma,mu,sigma,-1.170e+01
NCT00641043,gengamma,mu,Q,2.313e+01
NCT00641043,gengamma,sigma,mu,-1.170e+01
NCT00641043,gengamma,sigma,sigma,1.169e+02
NCT00641043,gengamma,sigma,Q,-2.290e+02
NCT00641043,gengamma,Q,mu,2.313e+01
NCT00641043,gengamma,Q,sigma,-2.290e+02
NCT00641043,gengamma,Q,Q,4.490e+02
NCT00654381,gengamma,mu,mu,2.192e-01
NCT00654381,gengamma,mu,sigma,4.571e-01
NCT00654381,gengamma,mu,Q,8.298e+00
NCT00654381,gengamma,sigma,mu,4.571e-01
NCT00654381,gengamma,sigma,sigma,9.667e-01
NCT00654381,gengamma,sigma,Q,1.724e+01
NCT00654381,gengamma,Q,mu,8.298e+00
NCT00654381,gengamma,Q,sigma,1.724e+01
NCT00654381,gengamma,Q,Q,3.177e+02
NCT00734474,gengamma,mu,mu,9.631e-03
NCT00734474,gengamma,mu,sigma,-6.361e-03
NCT00734474,gengamma,mu,Q,1.557e-02
NCT00734474,gengamma,sigma,mu,-6.361e-03
NCT00734474,gengamma,sigma,sigma,2.097e-02
NCT00734474,gengamma,sigma,Q,-3.603e-02
NCT00734474,gengamma,Q,mu,1.557e-02
NCT00734474,gengamma,Q,sigma,-3.603e-02
NCT00734474,gengamma,Q,Q,6.762e-02
NCT00740051,gengamma,mu,mu,9.477e-02
NCT00740051,gengamma,mu,sigma,-1.499e-02
NCT00740051,gengamma,mu,Q,9.536e-02
NCT00740051,gengamma,sigma,mu,-1.499e-02
NCT00740051,gengamma,sigma,sigma,1.211e-01
NCT00740051,gengamma,sigma,Q,-2.478e-01
NCT00740051,gengamma,Q,mu,9.536e-02
NCT00740051,gengamma,Q,sigma,-2.478e-01
NCT00740051,gengamma,Q,Q,5.722e-01
NCT00772538,gengamma,mu,mu,4.238e-01
NCT00772538,gengamma,mu,sigma,8.815e-01
NCT00772538,gengamma,mu,Q,-1.302e+00
NCT00772538,gengamma,sigma,mu,8.815e-01
NCT00772538,gengamma,sigma,sigma,5.890e+00
NCT00772538,gengamma,sigma,Q,-9.473e+00
NCT00772538,gengamma,Q,mu,-1.302e+00
NCT00772538,gengamma,Q,sigma,-9.473e+00
NCT00772538,gengamma,Q,Q,1.529e+01
NCT00776984,gengamma,mu,mu,1.283e-01
NCT00776984,gengamma,mu,sigma,6.086e-02
NCT00776984,gengamma,mu,Q,-5.014e-02
NCT00776984,gengamma,sigma,mu,6.086e-02
NCT00776984,gengamma,sigma,sigma,2.516e-01
NCT00776984,gengamma,sigma,Q,-5.145e-01
NCT00776984,gengamma,Q,mu,-5.014e-02
NCT00776984,gengamma,Q,sigma,-5.145e-01
NCT00776984,gengamma,Q,Q,1.113e+00
NCT00782210,gengamma,mu,mu,8.275e-02
NCT00782210,gengamma,mu,sigma,4.603e-02
NCT00782210,gengamma,mu,Q,-4.587e-02
NCT00782210,gengamma,sigma,mu,4.603e-02
NCT00782210,gengamma,sigma,sigma,1.169e-01
NCT00782210,gengamma,sigma,Q,-1.840e-01
NCT00782210,gengamma,Q,mu,-4.587e-02
NCT00782210,gengamma,Q,sigma,-1.840e-01
NCT00782210,gengamma,Q,Q,3.065e-01
NCT00782509,gengamma,mu,mu,8.534e-02
NCT00782509,gengamma,mu,sigma,2.384e-02
NCT00782509,gengamma,mu,Q,3.886e-03
NCT00782509,gengamma,sigma,mu,2.384e-02
NCT00782509,gengamma,sigma,sigma,8.288e-03
NCT00782509,gengamma,sigma,Q,1.837e-03
NCT00782509,gengamma,Q,mu,3.886e-03
NCT00782509,gengamma,Q,sigma,1.837e-03
NCT00782509,gengamma,Q,Q,5.245e-04
NCT00793624,gengamma,mu,mu,8.739e-02
NCT00793624,gengamma,mu,sigma,-1.934e-02
NCT00793624,gengamma,mu,Q,8.394e-02
NCT00793624,gengamma,sigma,mu,-1.934e-02
NCT00793624,gengamma,sigma,sigma,4.315e-02
NCT00793624,gengamma,sigma,Q,-1.022e-01
NCT00793624,gengamma,Q,mu,8.394e-02
NCT00793624,gengamma,Q,sigma,-1.022e-01
NCT00793624,gengamma,Q,Q,2.663e-01
NCT00798161,gengamma,mu,mu,1.283e-01
NCT00798161,gengamma,mu,sigma,-2.294e-03
NCT00798161,gengamma,mu,Q,6.768e-02
NCT00798161,gengamma,sigma,mu,-2.294e-03
NCT00798161,gengamma,sigma,sigma,1.119e-01
NCT00798161,gengamma,sigma,Q,-2.553e-01
NCT00798161,gengamma,Q,mu,6.768e-02
NCT00798161,gengamma,Q,sigma,-2.553e-01
NCT00798161,gengamma,Q,Q,6.199e-01
NCT00800683,gengamma,mu,mu,1.430e-01
NCT00800683,gengamma,mu,sigma,2.950e-02
NCT00800683,gengamma,mu,Q,2.391e-02
NCT00800683,gengamma,sigma,mu,2.950e-02
NCT00800683,gengamma,sigma,sigma,2.115e-01
NCT00800683,gengamma,sigma,Q,-3.283e-01
NCT00800683,gengamma,Q,mu,2.391e-02
NCT00800683,gengamma,Q,sigma,-3.283e-01
NCT00800683,gengamma,Q,Q,5.708e-01
NCT00848081,gengamma,mu,mu,1.307e+00
NCT00848081,gengamma,mu,sigma,-9.452e-02
NCT00848081,gengamma,mu,Q,1.886e+00
NCT00848081,gengamma,sigma,mu,-9.452e-02
NCT00848081,gengamma,sigma,sigma,3.190e-02
NCT00848081,gengamma,sigma,Q,-2.164e-01
NCT00848081,gengamma,Q,mu,1.886e+00
NCT00848081,gengamma,Q,sigma,-2.164e-01
NCT00848081,gengamma,Q,Q,3.029e+00
NCT00855582,gengamma,mu,mu,8.521e-02
NCT00855582,gengamma,mu,sigma,2.757e-02
NCT00855582,gengamma,mu,Q,7.969e-03
NCT00855582,gengamma,sigma,mu,2.757e-02
NCT00855582,gengamma,sigma,sigma,1.075e-02
NCT00855582,gengamma,sigma,Q,3.439e-03
NCT00855582,gengamma,Q,mu,7.969e-03
NCT00855582,gengamma,Q,sigma,3.439e-03
NCT00855582,gengamma,Q,Q,1.151e-03
NCT00861757,gengamma,mu,mu,5.525e-01
NCT00861757,gengamma,mu,sigma,1.095e-01
NCT00861757,gengamma,mu,Q,1.532e+00
NCT00861757,gengamma,sigma,mu,1.095e-01
NCT00861757,gengamma,sigma,sigma,2.941e-02
NCT00861757,gengamma,sigma,Q,2.666e-01
NCT00861757,gengamma,Q,mu,1.532e+00
NCT00861757,gengamma,Q,sigma,2.666e-01
NCT00861757,gengamma,Q,Q,4.663e+00
NCT00915772,gengamma,mu,mu,2.861e-02
NCT00915772,gengamma,mu,sigma,1.109e-02
NCT00915772,gengamma,mu,Q,4.751e-03
NCT00915772,gengamma,sigma,mu,1.109e-02
NCT00915772,gengamma,sigma,sigma,5.934e-03
NCT00915772,gengamma,sigma,Q,2.695e-03
NCT00915772,gengamma,Q,mu,4.751e-03
NCT00915772,gengamma,Q,sigma,2.695e-03
NCT00915772,gengamma,Q,Q,1.234e-03
NCT00926289,gengamma,mu,mu,1.839e+00
NCT00926289,gengamma,mu,sigma,-4.767e-02
NCT00926289,gengamma,mu,Q,2.203e+00
NCT00926289,gengamma,sigma,mu,-4.767e-02
NCT00926289,gengamma,sigma,sigma,1.452e-02
NCT00926289,gengamma,sigma,Q,-1.129e-01
NCT00926289,gengamma,Q,mu,2.203e+00
NCT00926289,gengamma,Q,sigma,-1.129e-01
NCT00926289,gengamma,Q,Q,2.913e+00
NCT00954447,gengamma,mu,mu,6.645e-02
NCT00954447,gengamma,mu,sigma,2.195e-02
NCT00954447,gengamma,mu,Q,-1.471e-02
NCT00954447,gengamma,sigma,mu,2.195e-02
NCT00954447,gengamma,sigma,sigma,5.443e-02
NCT00954447,gengamma,sigma,Q,-1.026e-01
NCT00954447,gengamma,Q,mu,-1.471e-02
NCT00954447,gengamma,Q,sigma,-1.026e-01
NCT00954447,gengamma,Q,Q,2.096e-01
NCT00970632,gengamma,mu,mu,6.575e-02
NCT00970632,gengamma,mu,sigma,2.696e-02
NCT00970632,gengamma,mu,Q,1.000e-02
NCT00970632,gengamma,sigma,mu,2.696e-02
NCT00970632,gengamma,sigma,sigma,1.328e-02
NCT00970632,gengamma,sigma,Q,5.158e-03
NCT00970632,gengamma,Q,mu,1.000e-02
NCT00970632,gengamma,Q,sigma,5.158e-03
NCT00970632,gengamma,Q,Q,2.022e-03
NCT00975195,gengamma,mu,mu,1.084e-02
NCT00975195,gengamma,mu,sigma,3.790e-03
NCT00975195,gengamma,mu,Q,8.362e-04
NCT00975195,gengamma,sigma,mu,3.790e-03
NCT00975195,gengamma,sigma,sigma,1.742e-03
NCT00975195,gengamma,sigma,Q,4.755e-04
NCT00975195,gengamma,Q,mu,8.362e-04
NCT00975195,gengamma,Q,sigma,4.755e-04
NCT00975195,gengamma,Q,Q,1.450e-04
NCT00996658,gengamma,mu,mu,1.801e-01
NCT00996658,gengamma,mu,sigma,6.688e-02
NCT00996658,gengamma,mu,Q,1.069e-02
NCT00996658,gengamma,sigma,mu,6.688e-02
NCT00996658,gengamma,sigma,sigma,2.969e-02
NCT00996658,gengamma,sigma,Q,5.498e-03
NCT00996658,gengamma,Q,mu,1.069e-02
NCT00996658,gengamma,Q,sigma,5.498e-03
NCT00996658,gengamma,Q,Q,1.115e-03
NCT01064687,gengamma,mu,mu,7.480e-02
NCT01064687,gengamma,mu,sigma,2.184e-02
NCT01064687,gengamma,mu,Q,5.229e-03
NCT01064687,gengamma,sigma,mu,2.184e-02
NCT01064687,gengamma,sigma,sigma,7.546e-03
NCT01064687,gengamma,sigma,Q,2.071e-03
NCT01064687,gengamma,Q,mu,5.229e-03
NCT01064687,gengamma,Q,sigma,2.071e-03
NCT01064687,gengamma,Q,Q,6.192e-04
NCT01075282,gengamma,mu,mu,1.953e-01
NCT01075282,gengamma,mu,sigma,-7.536e-01
NCT01075282,gengamma,mu,Q,1.503e+00
NCT01075282,gengamma,sigma,mu,-7.536e-01
NCT01075282,gengamma,sigma,sigma,1.026e+01
NCT01075282,gengamma,sigma,Q,-1.951e+01
NCT01075282,gengamma,Q,mu,1.503e+00
NCT01075282,gengamma,Q,sigma,-1.951e+01
NCT01075282,gengamma,Q,Q,3.712e+01
NCT01084005,gengamma,mu,mu,1.266e+00
NCT01084005,gengamma,mu,sigma,1.395e+00
NCT01084005,gengamma,mu,Q,-1.993e+00
NCT01084005,gengamma,sigma,mu,1.395e+00
NCT01084005,gengamma,sigma,sigma,1.890e+00
NCT01084005,gengamma,sigma,Q,-2.870e+00
NCT01084005,gengamma,Q,mu,-1.993e+00
NCT01084005,gengamma,Q,sigma,-2.870e+00
NCT01084005,gengamma,Q,Q,4.445e+00
NCT01087502,gengamma,mu,mu,1.061e-01
NCT01087502,gengamma,mu,sigma,1.559e-01
NCT01087502,gengamma,mu,Q,-1.702e-01
NCT01087502,gengamma,sigma,mu,1.559e-01
NCT01087502,gengamma,sigma,sigma,5.641e-01
NCT01087502,gengamma,sigma,Q,-7.481e-01
NCT01087502,gengamma,Q,mu,-1.702e-01
NCT01087502,gengamma,Q,sigma,-7.481e-01
NCT01087502,gengamma,Q,Q,1.027e+00
NCT01126437,gengamma,mu,mu,1.221e-02
NCT01126437,gengamma,mu,sigma,-5.837e-02
NCT01126437,gengamma,mu,Q,1.268e-01
NCT01126437,gengamma,sigma,mu,-5.837e-02
NCT01126437,gengamma,sigma,sigma,3.209e-01
NCT01126437,gengamma,sigma,Q,-6.910e-01
NCT01126437,gengamma,Q,mu,1.268e-01
NCT01126437,gengamma,Q,sigma,-6.910e-01
NCT01126437,gengamma,Q,Q,1.489e+00
NCT01126580,gengamma,mu,mu,8.659e-02
NCT01126580,gengamma,mu,sigma,-3.171e-02
NCT01126580,gengamma,mu,Q,1.232e-01
NCT01126580,gengamma,sigma,mu,-3.171e-02
NCT01126580,gengamma,sigma,sigma,6.153e-02
NCT01126580,gengamma,sigma,Q,-1.565e-01
NCT01126580,gengamma,Q,mu,1.232e-01
NCT01126580,gengamma,Q,sigma,-1.565e-01
NCT01126580,gengamma,Q,Q,4.309e-01
NCT01131676,gengamma,mu,mu,3.653e-03
NCT01131676,gengamma,mu,sigma,-9.069e-03
NCT01131676,gengamma,mu,Q,1.914e-02
NCT01131676,gengamma,sigma,mu,-9.069e-03
NCT01131676,gengamma,sigma,sigma,4.895e-02
NCT01131676,gengamma,sigma,Q,-9.089e-02
NCT01131676,gengamma,Q,mu,1.914e-02
NCT01131676,gengamma,Q,sigma,-9.089e-02
NCT01131676,gengamma,Q,Q,1.756e-01
NCT01159600,gengamma,mu,mu,7.417e-01
NCT01159600,gengamma,mu,sigma,4.498e-01
NCT01159600,gengamma,mu,Q,-5.095e-01
NCT01159600,gengamma,sigma,mu,4.498e-01
NCT01159600,gengamma,sigma,sigma,3.114e-01
NCT01159600,gengamma,sigma,Q,-3.733e-01
NCT01159600,gengamma,Q,mu,-5.095e-01
NCT01159600,gengamma,Q,sigma,-3.733e-01
NCT01159600,gengamma,Q,Q,4.601e-01
NCT01164501,gengamma,mu,mu,1.247e-01
NCT01164501,gengamma,mu,sigma,4.164e-02
NCT01164501,gengamma,mu,Q,-2.951e-02
NCT01164501,gengamma,sigma,mu,4.164e-02
NCT01164501,gengamma,sigma,sigma,1.101e-01
NCT01164501,gengamma,sigma,Q,-2.157e-01
NCT01164501,gengamma,Q,mu,-2.951e-02
NCT01164501,gengamma,Q,sigma,-2.157e-01
NCT01164501,gengamma,Q,Q,4.546e-01
NCT01167881,gengamma,mu,mu,3.525e-01
NCT01167881,gengamma,mu,sigma,-1.373e-02
NCT01167881,gengamma,mu,Q,2.575e-01
NCT01167881,gengamma,sigma,mu,-1.373e-02
NCT01167881,gengamma,sigma,sigma,4.264e-03
NCT01167881,gengamma,sigma,Q,-2.040e-02
NCT01167881,gengamma,Q,mu,2.575e-01
NCT01167881,gengamma,Q,sigma,-2.040e-02
NCT01167881,gengamma,Q,Q,2.249e-01
NCT01177813,gengamma,mu,mu,8.474e+02
NCT01177813,gengamma,mu,sigma,-4.290e+03
NCT01177813,gengamma,mu,Q,1.164e+04
NCT01177813,gengamma,sigma,mu,-4.290e+03
NCT01177813,gengamma,sigma,sigma,2.172e+04
NCT01177813,gengamma,sigma,Q,-5.895e+04
NCT01177813,gengamma,Q,mu,1.164e+04
NCT01177813,gengamma,Q,sigma,-5.895e+04
NCT01177813,gengamma,Q,Q,1.600e+05
NCT01191268,gengamma,mu,mu,5.353e-01
NCT01191268,gengamma,mu,sigma,-2.115e-02
NCT01191268,gengamma,mu,Q,5.332e-01
NCT01191268,gengamma,sigma,mu,-2.115e-02
NCT01191268,gengamma,sigma,sigma,5.799e-03
NCT01191268,gengamma,sigma,Q,-3.435e-02
NCT01191268,gengamma,Q,mu,5.332e-01
NCT01191268,gengamma,Q,sigma,-3.435e-02
NCT01191268,gengamma,Q,Q,5.807e-01
NCT01191944,gengamma,mu,mu,8.089e+01
NCT01191944,gengamma,mu,sigma,-2.318e+02
NCT01191944,gengamma,mu,Q,6.698e+02
NCT01191944,gengamma,sigma,mu,-2.318e+02
NCT01191944,gengamma,sigma,sigma,6.712e+02
NCT01191944,gengamma,sigma,Q,-1.938e+03
NCT01191944,gengamma,Q,mu,6.698e+02
NCT01191944,gengamma,Q,sigma,-1.938e+03
NCT01191944,gengamma,Q,Q,5.595e+03
NCT01194830,gengamma,mu,mu,4.112e-01
NCT01194830,gengamma,mu,sigma,-9.374e-02
NCT01194830,gengamma,mu,Q,4.704e-01
NCT01194830,gengamma,sigma,mu,-9.374e-02
NCT01194830,gengamma,sigma,sigma,6.457e-02
NCT01194830,gengamma,sigma,Q,-2.026e-01
NCT01194830,gengamma,Q,mu,4.704e-01
NCT01194830,gengamma,Q,sigma,-2.026e-01
NCT01194830,gengamma,Q,Q,7.767e-01
NCT01204294,gengamma,mu,mu,3.614e-01
NCT01204294,gengamma,mu,sigma,7.009e-02
NCT01204294,gengamma,mu,Q,4.119e-02
NCT01204294,gengamma,sigma,mu,7.009e-02
NCT01204294,gengamma,sigma,sigma,1.565e-02
NCT01204294,gengamma,sigma,Q,9.153e-03
NCT01204294,gengamma,Q,mu,4.119e-02
NCT01204294,gengamma,Q,sigma,9.153e-03
NCT01204294,gengamma,Q,Q,5.355e-03
NCT01210001,gengamma,mu,mu,3.125e-01
NCT01210001,gengamma,mu,sigma,3.698e-01
NCT01210001,gengamma,mu,Q,-4.980e-01
NCT01210001,gengamma,sigma,mu,3.698e-01
NCT01210001,gengamma,sigma,sigma,9.467e+00
NCT01210001,gengamma,sigma,Q,-1.630e+01
NCT01210001,gengamma,Q,mu,-4.980e-01
NCT01210001,gengamma,Q,sigma,-1.630e+01
NCT01210001,gengamma,Q,Q,2.815e+01
NCT01214239,gengamma,mu,mu,6.054e-01
NCT01214239,gengamma,mu,sigma,3.707e-01
NCT01214239,gengamma,mu,Q,-4.597e-01
NCT01214239,gengamma,sigma,mu,3.707e-01
NCT01214239,gengamma,sigma,sigma,4.048e-01
NCT01214239,gengamma,sigma,Q,-6.307e-01
NCT01214239,gengamma,Q,mu,-4.597e-01
NCT01214239,gengamma,Q,sigma,-6.307e-01
NCT01214239,gengamma,Q,Q,1.050e+00
NCT01306214,gengamma,mu,mu,1.578e-01
NCT01306214,gengamma,mu,sigma,5.368e-01
NCT01306214,gengamma,mu,Q,-7.246e-01
NCT01306214,gengamma,sigma,mu,5.368e-01
NCT01306214,gengamma,sigma,sigma,2.388e+00
NCT01306214,gengamma,sigma,Q,-3.331e+00
NCT01306214,gengamma,Q,mu,-7.246e-01
NCT01306214,gengamma,Q,sigma,-3.331e+00
NCT01306214,gengamma,Q,Q,4.668e+00
NCT01335464,gengamma,mu,mu,2.672e-02
NCT01335464,gengamma,mu,sigma,9.618e-03
NCT01335464,gengamma,mu,Q,5.051e-03
NCT01335464,gengamma,sigma,mu,9.618e-03
NCT01335464,gengamma,sigma,sigma,5.128e-03
NCT01335464,gengamma,sigma,Q,2.764e-03
NCT01335464,gengamma,Q,mu,5.051e-03
NCT01335464,gengamma,Q,sigma,2.764e-03
NCT01335464,gengamma,Q,Q,1.491e-03
NCT01335477,gengamma,mu,mu,4.558e-02
NCT01335477,gengamma,mu,sigma,6.409e-02
NCT01335477,gengamma,mu,Q,-6.905e-02
NCT01335477,gengamma,sigma,mu,6.409e-02
NCT01335477,gengamma,sigma,sigma,2.025e-01
NCT01335477,gengamma,sigma,Q,-2.622e-01
NCT01335477,gengamma,Q,mu,-6.905e-02
NCT01335477,gengamma,Q,sigma,-2.622e-01
NCT01335477,gengamma,Q,Q,3.529e-01
NCT01368081,gengamma,mu,mu,4.201e+02
NCT01368081,gengamma,mu,sigma,-2.042e+03
NCT01368081,gengamma,mu,Q,6.031e+03
NCT01368081,gengamma,sigma,mu,-2.042e+03
NCT01368081,gengamma,sigma,sigma,9.929e+03
NCT01368081,gengamma,sigma,Q,-2.932e+04
NCT01368081,gengamma,Q,mu,6.031e+03
NCT01368081,gengamma,Q,sigma,-2.932e+04
NCT01368081,gengamma,Q,Q,8.661e+04
NCT01370005,gengamma,mu,mu,1.796e+00
NCT01370005,gengamma,mu,sigma,-4.581e-01
NCT01370005,gengamma,mu,Q,3.177e+00
NCT01370005,gengamma,sigma,mu,-4.581e-01
NCT01370005,gengamma,sigma,sigma,2.110e-01
NCT01370005,gengamma,sigma,Q,-1.153e+00
NCT01370005,gengamma,Q,mu,3.177e+00
NCT01370005,gengamma,Q,sigma,-1.153e+00
NCT01370005,gengamma,Q,Q,6.891e+00
NCT01422876,gengamma,mu,mu,8.290e-02
NCT01422876,gengamma,mu,sigma,2.150e-01
NCT01422876,gengamma,mu,Q,-3.007e-01
NCT01422876,gengamma,sigma,mu,2.150e-01
NCT01422876,gengamma,sigma,sigma,9.610e-01
NCT01422876,gengamma,sigma,Q,-1.421e+00
NCT01422876,gengamma,Q,mu,-3.007e-01
NCT01422876,gengamma,Q,sigma,-1.421e+00
NCT01422876,gengamma,Q,Q,2.112e+00
NCT01558271,gengamma,mu,mu,3.590e+02
NCT01558271,gengamma,mu,sigma,-1.384e+03
NCT01558271,gengamma,mu,Q,3.323e+03
NCT01558271,gengamma,sigma,mu,-1.384e+03
NCT01558271,gengamma,sigma,sigma,5.344e+03
NCT01558271,gengamma,sigma,Q,-1.283e+04
NCT01558271,gengamma,Q,mu,3.323e+03
NCT01558271,gengamma,Q,sigma,-1.283e+04
NCT01558271,gengamma,Q,Q,3.079e+04
NCT01621178,gengamma,mu,mu,8.330e-02
NCT01621178,gengamma,mu,sigma,2.404e-02
NCT01621178,gengamma,mu,Q,3.876e-03
NCT01621178,gengamma,sigma,mu,2.404e-02
NCT01621178,gengamma,sigma,sigma,8.745e-03
NCT01621178,gengamma,sigma,Q,1.942e-03
NCT01621178,gengamma,Q,mu,3.876e-03
NCT01621178,gengamma,Q,sigma,1.942e-03
NCT01621178,gengamma,Q,Q,5.559e-04
NCT01624259,gengamma,mu,mu,2.376e+00
NCT01624259,gengamma,mu,sigma,-5.108e-01
NCT01624259,gengamma,mu,Q,3.235e+00
NCT01624259,gengamma,sigma,mu,-5.108e-01
NCT01624259,gengamma,sigma,sigma,1.943e-01
NCT01624259,gengamma,sigma,Q,-9.730e-01
NCT01624259,gengamma,Q,mu,3.235e+00
NCT01624259,gengamma,Q,sigma,-9.730e-01
NCT01624259,gengamma,Q,Q,5.339e+00
NCT01694771,gengamma,mu,mu,9.414e-01
NCT01694771,gengamma,mu,sigma,8.611e-01
NCT01694771,gengamma,mu,Q,-9.243e-01
NCT01694771,gengamma,sigma,mu,8.611e-01
NCT01694771,gengamma,sigma,sigma,8.368e-01
NCT01694771,gengamma,sigma,Q,-9.220e-01
NCT01694771,gengamma,Q,mu,-9.243e-01
NCT01694771,gengamma,Q,sigma,-9.220e-01
NCT01694771,gengamma,Q,Q,1.030e+00
NCT01708902,gengamma,mu,mu,2.192e-01
NCT01708902,gengamma,mu,sigma,4.720e-02
NCT01708902,gengamma,mu,Q,1.177e-02
NCT01708902,gengamma,sigma,mu,4.720e-02
NCT01708902,gengamma,sigma,sigma,1.172e-02
NCT01708902,gengamma,sigma,Q,3.328e-03
NCT01708902,gengamma,Q,mu,1.177e-02
NCT01708902,gengamma,Q,sigma,3.328e-03
NCT01708902,gengamma,Q,Q,1.037e-03
NCT01719003,gengamma,mu,mu,1.303e-01
NCT01719003,gengamma,mu,sigma,4.193e-01
NCT01719003,gengamma,mu,Q,-6.765e-01
NCT01719003,gengamma,sigma,mu,4.193e-01
NCT01719003,gengamma,sigma,sigma,1.339e+01
NCT01719003,gengamma,sigma,Q,-2.317e+01
NCT01719003,gengamma,Q,mu,-6.765e-01
NCT01719003,gengamma,Q,sigma,-2.317e+01
NCT01719003,gengamma,Q,Q,4.013e+01
NCT01769378,gengamma,mu,mu,5.093e-03
NCT01769378,gengamma,mu,sigma,6.793e-02
NCT01769378,gengamma,mu,Q,4.137e+00
NCT01769378,gengamma,sigma,mu,6.793e-02
NCT01769378,gengamma,sigma,sigma,9.224e-01
NCT01769378,gengamma,sigma,Q,5.492e+01
NCT01769378,gengamma,Q,mu,4.137e+00
NCT01769378,gengamma,Q,sigma,5.492e+01
NCT01769378,gengamma,Q,Q,3.424e+03
NCT02152371,gengamma,mu,mu,4.577e+00
NCT02152371,gengamma,mu,sigma,9.793e-02
NCT02152371,gengamma,mu,Q,5.173e+00
NCT02152371,gengamma,sigma,mu,9.793e-02
NCT02152371,gengamma,sigma,sigma,2.248e-02
NCT02152371,gengamma,sigma,Q,3.025e-02
NCT02152371,gengamma,Q,mu,5.173e+00
NCT02152371,gengamma,Q,sigma,3.025e-02
NCT02152371,gengamma,Q,Q,6.298e+00
NCT02172287,gengamma,mu,mu,5.003e-01
NCT02172287,gengamma,mu,sigma,-1.073e-01
NCT02172287,gengamma,mu,Q,5.083e-01
NCT02172287,gengamma,sigma,mu,-1.073e-01
NCT02172287,gengamma,sigma,sigma,4.731e-02
NCT02172287,gengamma,sigma,Q,-1.674e-01
NCT02172287,gengamma,Q,mu,5.083e-01
NCT02172287,gengamma,Q,sigma,-1.674e-01
NCT02172287,gengamma,Q,Q,6.679e-01
NCT02172586,gengamma,mu,mu,1.488e-01
NCT02172586,gengamma,mu,sigma,4.339e-02
NCT02172586,gengamma,mu,Q,1.211e-02
NCT02172586,gengamma,sigma,mu,4.339e-02
NCT02172586,gengamma,sigma,sigma,1.556e-02
NCT02172586,gengamma,sigma,Q,4.949e-03
NCT02172586,gengamma,Q,mu,1.211e-02
NCT02172586,gengamma,Q,sigma,4.949e-03
NCT02172586,gengamma,Q,Q,1.678e-03
NCT02175355,gengamma,mu,mu,1.561e-01
NCT02175355,gengamma,mu,sigma,1.188e-01
NCT02175355,gengamma,mu,Q,-1.811e-01
NCT02175355,gengamma,sigma,mu,1.188e-01
NCT02175355,gengamma,sigma,sigma,2.277e-01
NCT02175355,gengamma,sigma,Q,-4.682e-01
NCT02175355,gengamma,Q,mu,-1.811e-01
NCT02175355,gengamma,Q,sigma,-4.682e-01
NCT02175355,gengamma,Q,Q,1.012e+00
NCT02177344,gengamma,mu,mu,2.146e-01
NCT02177344,gengamma,mu,sigma,5.007e-02
NCT02177344,gengamma,mu,Q,-6.903e-03
NCT02177344,gengamma,sigma,mu,5.007e-02
NCT02177344,gengamma,sigma,sigma,1.357e-02
NCT02177344,gengamma,sigma,Q,-8.954e-04
NCT02177344,gengamma,Q,mu,-6.903e-03
NCT02177344,gengamma,Q,sigma,-8.954e-04
NCT02177344,gengamma,Q,Q,4.923e-04
NCT02177396,gengamma,mu,mu,5.596e-01
NCT02177396,gengamma,mu,sigma,-1.564e-01
NCT02177396,gengamma,mu,Q,7.873e-01
NCT02177396,gengamma,sigma,mu,-1.564e-01
NCT02177396,gengamma,sigma,sigma,2.926e-01
NCT02177396,gengamma,sigma,Q,-9.099e-01
NCT02177396,gengamma,Q,mu,7.873e-01
NCT02177396,gengamma,Q,sigma,-9.099e-01
NCT02177396,gengamma,Q,Q,3.041e+00
NCT02177461,gengamma,mu,mu,3.006e-02
NCT02177461,gengamma,mu,sigma,1.259e-03
NCT02177461,gengamma,mu,Q,1.736e-02
NCT02177461,gengamma,sigma,mu,1.259e-03
NCT02177461,gengamma,sigma,sigma,4.646e-02
NCT02177461,gengamma,sigma,Q,-7.585e-02
NCT02177461,gengamma,Q,mu,1.736e-02
NCT02177461,gengamma,Q,sigma,-7.585e-02
NCT02177461,gengamma,Q,Q,1.459e-01
NCT02183064,gengamma,mu,mu,1.830e+00
NCT02183064,gengamma,mu,sigma,-8.448e-02
NCT02183064,gengamma,mu,Q,1.479e+00
NCT02183064,gengamma,sigma,mu,-8.448e-02
NCT02183064,gengamma,sigma,sigma,1.298e-02
NCT02183064,gengamma,sigma,Q,-1.002e-01
NCT02183064,gengamma,Q,mu,1.479e+00
NCT02183064,gengamma,Q,sigma,-1.002e-01
NCT02183064,gengamma,Q,Q,1.324e+00
NCT02200653,gengamma,mu,mu,1.247e+03
NCT02200653,gengamma,mu,sigma,-8.336e+03
NCT02200653,gengamma,mu,Q,4.127e+04
NCT02200653,gengamma,sigma,mu,-8.336e+03
NCT02200653,gengamma,sigma,sigma,5.571e+04
NCT02200653,gengamma,sigma,Q,-2.758e+05
NCT02200653,gengamma,Q,mu,4.127e+04
NCT02200653,gengamma,Q,sigma,-2.758e+05
NCT02200653,gengamma,Q,Q,1.366e+06
NCT02240680,gengamma,mu,mu,2.917e+00
NCT02240680,gengamma,mu,sigma,1.418e+00
NCT02240680,gengamma,mu,Q,-1.709e+00
NCT02240680,gengamma,sigma,mu,1.418e+00
NCT02240680,gengamma,sigma,sigma,8.673e-01
NCT02240680,gengamma,sigma,Q,-1.149e+00
NCT02240680,gengamma,Q,mu,-1.709e+00
NCT02240680,gengamma,Q,sigma,-1.149e+00
NCT02240680,gengamma,Q,Q,1.585e+00
NCT02489968,gengamma,mu,mu,2.787e+00
NCT02489968,gengamma,mu,sigma,-4.159e-01
NCT02489968,gengamma,mu,Q,3.530e+00
NCT02489968,gengamma,sigma,mu,-4.159e-01
NCT02489968,gengamma,sigma,sigma,1.513e-01
NCT02489968,gengamma,sigma,Q,-8.438e-01
NCT02489968,gengamma,Q,mu,3.530e+00
NCT02489968,gengamma,Q,sigma,-8.438e-01
NCT02489968,gengamma,Q,Q,5.637e+00
NCT02750410,gengamma,mu,mu,3.698e+00
NCT02750410,gengamma,mu,sigma,-4.721e-01
NCT02750410,gengamma,mu,Q,4.689e+00
NCT02750410,gengamma,sigma,mu,-4.721e-01
NCT02750410,gengamma,sigma,sigma,1.408e-01
NCT02750410,gengamma,sigma,Q,-8.462e-01
NCT02750410,gengamma,Q,mu,4.689e+00
NCT02750410,gengamma,Q,sigma,-8.462e-01
NCT02750410,gengamma,Q,Q,6.790e+00
NCT00034840,gompertz,shape,shape,1.114e-04
NCT00034840,gompertz,shape,rate,-3.348e-03
NCT00034840,gompertz,rate,shape,-3.348e-03
NCT00034840,gompertz,rate,rate,1.319e-01
NCT00051558,gompertz,shape,shape,5.892e-08
NCT00051558,gompertz,shape,rate,-2.494e-05
NCT00051558,gompertz,rate,shape,-2.494e-05
NCT00051558,gompertz,rate,rate,1.599e-02
NCT00125918,gompertz,shape,shape,1.455e-05
NCT00125918,gompertz,shape,rate,-8.374e-04
NCT00125918,gompertz,rate,shape,-8.374e-04
NCT00125918,gompertz,rate,rate,6.406e-02
NCT00152984,gompertz,shape,shape,1.061e-04
NCT00152984,gompertz,shape,rate,-3.712e-03
NCT00152984,gompertz,rate,shape,-3.712e-03
NCT00152984,gompertz,rate,rate,1.924e-01
NCT00153023,gompertz,shape,shape,6.692e-07
NCT00153023,gompertz,shape,rate,-8.087e-05
NCT00153023,gompertz,rate,shape,-8.087e-05
NCT00153023,gompertz,rate,rate,1.580e-02
NCT00153088,gompertz,shape,shape,3.874e-07
NCT00153088,gompertz,shape,rate,-9.269e-05
NCT00153088,gompertz,rate,shape,-9.269e-05
NCT00153088,gompertz,rate,rate,3.394e-02
NCT00168831,gompertz,shape,shape,4.914e-07
NCT00168831,gompertz,shape,rate,-5.699e-05
NCT00168831,gompertz,rate,shape,-5.699e-05
NCT00168831,gompertz,rate,rate,1.055e-02
NCT00168844,gompertz,shape,shape,6.383e-07
NCT00168844,gompertz,shape,rate,-7.358e-05
NCT00168844,gompertz,rate,shape,-7.358e-05
NCT00168844,gompertz,rate,rate,1.356e-02
NCT00168857,gompertz,shape,shape,5.354e-07
NCT00168857,gompertz,shape,rate,-8.435e-05
NCT00168857,gompertz,rate,shape,-8.435e-05
NCT00168857,gompertz,rate,rate,1.907e-02
NCT00239421,gompertz,shape,shape,2.323e-04
NCT00239421,gompertz,shape,rate,-5.111e-03
NCT00239421,gompertz,rate,shape,-5.111e-03
NCT00239421,gompertz,rate,rate,1.524e-01
NCT00274014,gompertz,shape,shape,4.222e-07
NCT00274014,gompertz,shape,rate,-5.870e-05
NCT00274014,gompertz,rate,shape,-5.870e-05
NCT00274014,gompertz,rate,rate,1.213e-02
NCT00274053,gompertz,shape,shape,1.738e-06
NCT00274053,gompertz,shape,rate,-1.696e-04
NCT00274053,gompertz,rate,shape,-1.696e-04
NCT00274053,gompertz,rate,rate,2.582e-02
NCT00274079,gompertz,shape,shape,3.829e-05
NCT00274079,gompertz,shape,rate,-1.240e-03
NCT00274079,gompertz,rate,shape,-1.240e-03
NCT00274079,gompertz,rate,rate,6.015e-02
NCT00274547,gompertz,shape,shape,1.053e-06
NCT00274547,gompertz,shape,rate,-7.041e-05
NCT00274547,gompertz,rate,shape,-7.041e-05
NCT00274547,gompertz,rate,rate,7.292e-03
NCT00274560,gompertz,shape,shape,2.516e-05
NCT00274560,gompertz,shape,rate,-8.839e-04
NCT00274560,gompertz,rate,shape,-8.839e-04
NCT00274560,gompertz,rate,rate,4.554e-02
NCT00274573,gompertz,shape,shape,6.754e-06
NCT00274573,gompertz,shape,rate,-2.021e-04
NCT00274573,gompertz,rate,shape,-2.021e-04
NCT00274573,gompertz,rate,rate,9.509e-03
NCT00274599,gompertz,shape,shape,1.439e-05
NCT00274599,gompertz,shape,rate,-5.974e-04
NCT00274599,gompertz,rate,shape,-5.974e-04
NCT00274599,gompertz,rate,rate,3.617e-02
NCT00274612,gompertz,shape,shape,1.418e-05
NCT00274612,gompertz,shape,rate,-6.703e-04
NCT00274612,gompertz,rate,shape,-6.703e-04
NCT00274612,gompertz,rate,rate,4.387e-02
NCT00277264,gompertz,shape,shape,6.463e-07
NCT00277264,gompertz,shape,rate,-6.675e-05
NCT00277264,gompertz,rate,shape,-6.675e-05
NCT00277264,gompertz,rate,rate,1.148e-02
NCT00321854,gompertz,shape,shape,5.334e-07
NCT00321854,gompertz,shape,rate,-8.517e-05
NCT00321854,gompertz,rate,shape,-8.517e-05
NCT00321854,gompertz,rate,rate,2.050e-02
NCT00384930,gompertz,shape,shape,1.060e-05
NCT00384930,gompertz,shape,rate,-4.083e-04
NCT00384930,gompertz,rate,shape,-4.083e-04
NCT00384930,gompertz,rate,rate,2.262e-02
NCT00402233,gompertz,shape,shape,5.527e-05
NCT00402233,gompertz,shape,rate,-1.558e-03
NCT00402233,gompertz,rate,shape,-1.558e-03
NCT00402233,gompertz,rate,rate,7.095e-02
NCT00466167,gompertz,shape,shape,4.346e-06
NCT00466167,gompertz,shape,rate,-3.278e-04
NCT00466167,gompertz,rate,shape,-3.278e-04
NCT00466167,gompertz,rate,rate,3.965e-02
NCT00472199,gompertz,shape,shape,5.639e-06
NCT00472199,gompertz,shape,rate,-2.820e-04
NCT00472199,gompertz,rate,shape,-2.820e-04
NCT00472199,gompertz,rate,rate,2.463e-02
NCT00479401,gompertz,shape,shape,2.956e-06
NCT00479401,gompertz,shape,rate,-2.163e-04
NCT00479401,gompertz,rate,shape,-2.163e-04
NCT00479401,gompertz,rate,rate,2.614e-02
NCT00525512,gompertz,shape,shape,1.941e-07
NCT00525512,gompertz,shape,rate,-4.533e-05
NCT00525512,gompertz,rate,shape,-4.533e-05
NCT00525512,gompertz,rate,rate,1.684e-02
NCT00563381,gompertz,shape,shape,9.243e-08
NCT00563381,gompertz,shape,rate,-1.097e-05
NCT00563381,gompertz,rate,shape,-1.097e-05
NCT00563381,gompertz,rate,rate,2.114e-03
NCT00601250,gompertz,shape,shape,8.085e-06
NCT00601250,gompertz,shape,rate,-6.086e-04
NCT00601250,gompertz,rate,shape,-6.086e-04
NCT00601250,gompertz,rate,rate,6.542e-02
NCT00602472,gompertz,shape,shape,5.312e-06
NCT00602472,gompertz,shape,rate,-4.359e-04
NCT00602472,gompertz,rate,shape,-4.359e-04
NCT00602472,gompertz,rate,rate,4.877e-02
NCT00622284,gompertz,shape,shape,7.087e-08
NCT00622284,gompertz,shape,rate,-1.908e-05
NCT00622284,gompertz,rate,shape,-1.908e-05
NCT00622284,gompertz,rate,rate,7.939e-03
NCT00641043,gompertz,shape,shape,1.342e-05
NCT00641043,gompertz,shape,rate,-9.251e-04
NCT00641043,gompertz,rate,shape,-9.251e-04
NCT00641043,gompertz,rate,rate,9.405e-02
NCT00654381,gompertz,shape,shape,4.558e-06
NCT00654381,gompertz,shape,rate,-1.173e-03
NCT00654381,gompertz,rate,shape,-1.173e-03
NCT00654381,gompertz,rate,rate,3.364e-01
NCT00734474,gompertz,shape,shape,5.519e-08
NCT00734474,gompertz,shape,rate,-1.637e-05
NCT00734474,gompertz,rate,shape,-1.637e-05
NCT00734474,gompertz,rate,rate,7.159e-03
NCT00740051,gompertz,shape,shape,1.829e-06
NCT00740051,gompertz,shape,rate,-2.935e-04
NCT00740051,gompertz,rate,shape,-2.935e-04
NCT00740051,gompertz,rate,rate,6.709e-02
NCT00772538,gompertz,shape,shape,2.506e-06
NCT00772538,gompertz,shape,rate,-3.265e-04
NCT00772538,gompertz,rate,shape,-3.265e-04
NCT00772538,gompertz,rate,rate,6.429e-02
NCT00776984,gompertz,shape,shape,2.043e-06
NCT00776984,gompertz,shape,rate,-3.377e-04
NCT00776984,gompertz,rate,shape,-3.377e-04
NCT00776984,gompertz,rate,rate,7.543e-02
NCT00782210,gompertz,shape,shape,9.690e-07
NCT00782210,gompertz,shape,rate,-1.260e-04
NCT00782210,gompertz,rate,shape,-1.260e-04
NCT00782210,gompertz,rate,rate,2.478e-02
NCT00782509,gompertz,shape,shape,1.211e-06
NCT00782509,gompertz,shape,rate,-1.491e-04
NCT00782509,gompertz,rate,shape,-1.491e-04
NCT00782509,gompertz,rate,rate,2.846e-02
NCT00793624,gompertz,shape,shape,7.628e-07
NCT00793624,gompertz,shape,rate,-8.657e-05
NCT00793624,gompertz,rate,shape,-8.657e-05
NCT00793624,gompertz,rate,rate,1.574e-02
NCT00798161,gompertz,shape,shape,4.477e-06
NCT00798161,gompertz,shape,rate,-2.961e-04
NCT00798161,gompertz,rate,shape,-2.961e-04
NCT00798161,gompertz,rate,rate,2.958e-02
NCT00800683,gompertz,shape,shape,2.833e-06
NCT00800683,gompertz,shape,rate,-4.076e-04
NCT00800683,gompertz,rate,shape,-4.076e-04
NCT00800683,gompertz,rate,rate,8.807e-02
NCT00848081,gompertz,shape,shape,4.615e-05
NCT00848081,gompertz,shape,rate,-1.829e-03
NCT00848081,gompertz,rate,shape,-1.829e-03
NCT00848081,gompertz,rate,rate,1.002e-01
NCT00855582,gompertz,shape,shape,2.487e-05
NCT00855582,gompertz,shape,rate,-8.434e-04
NCT00855582,gompertz,rate,shape,-8.434e-04
NCT00855582,gompertz,rate,rate,4.289e-02
NCT00861757,gompertz,shape,shape,3.385e-05
NCT00861757,gompertz,shape,rate,-1.311e-03
NCT00861757,gompertz,rate,shape,-1.311e-03
NCT00861757,gompertz,rate,rate,7.114e-02
NCT00915772,gompertz,shape,shape,7.615e-07
NCT00915772,gompertz,shape,rate,-1.403e-04
NCT00915772,gompertz,rate,shape,-1.403e-04
NCT00915772,gompertz,rate,rate,3.493e-02
NCT00926289,gompertz,shape,shape,9.352e-05
NCT00926289,gompertz,shape,rate,-1.795e-03
NCT00926289,gompertz,rate,shape,-1.795e-03
NCT00926289,gompertz,rate,rate,5.168e-02
NCT00954447,gompertz,shape,shape,3.398e-07
NCT00954447,gompertz,shape,rate,-5.933e-05
NCT00954447,gompertz,rate,shape,-5.933e-05
NCT00954447,gompertz,rate,rate,1.635e-02
NCT00970632,gompertz,shape,shape,2.838e-05
NCT00970632,gompertz,shape,rate,-1.324e-03
NCT00970632,gompertz,rate,shape,-1.324e-03
NCT00970632,gompertz,rate,rate,8.061e-02
NCT00975195,gompertz,shape,shape,2.070e-07
NCT00975195,gompertz,shape,rate,-3.113e-05
NCT00975195,gompertz,rate,shape,-3.113e-05
NCT00975195,gompertz,rate,rate,6.871e-03
NCT00996658,gompertz,shape,shape,1.370e-05
NCT00996658,gompertz,shape,rate,-1.092e-03
NCT00996658,gompertz,rate,shape,-1.092e-03
NCT00996658,gompertz,rate,rate,1.203e-01
NCT01064687,gompertz,shape,shape,8.948e-07
NCT01064687,gompertz,shape,rate,-1.401e-04
NCT01064687,gompertz,rate,shape,-1.401e-04
NCT01064687,gompertz,rate,rate,3.156e-02
NCT01075282,gompertz,shape,shape,5.088e-07
NCT01075282,gompertz,shape,rate,-1.120e-04
NCT01075282,gompertz,rate,shape,-1.120e-04
NCT01075282,gompertz,rate,rate,3.657e-02
NCT01084005,gompertz,shape,shape,2.048e-05
NCT01084005,gompertz,shape,rate,-1.799e-03
NCT01084005,gompertz,rate,shape,-1.799e-03
NCT01084005,gompertz,rate,rate,2.057e-01
NCT01087502,gompertz,shape,shape,1.843e-06
NCT01087502,gompertz,shape,rate,-2.984e-04
NCT01087502,gompertz,rate,shape,-2.984e-04
NCT01087502,gompertz,rate,rate,6.833e-02
NCT01126437,gompertz,shape,shape,4.533e-09
NCT01126437,gompertz,shape,rate,-1.515e-06
NCT01126437,gompertz,rate,shape,-1.515e-06
NCT01126437,gompertz,rate,rate,7.616e-04
NCT01126580,gompertz,shape,shape,6.721e-07
NCT01126580,gompertz,shape,rate,-1.004e-04
NCT01126580,gompertz,rate,shape,-1.004e-04
NCT01126580,gompertz,rate,rate,2.209e-02
NCT01131676,gompertz,shape,shape,1.143e-08
NCT01131676,gompertz,shape,rate,-9.318e-06
NCT01131676,gompertz,rate,shape,-9.318e-06
NCT01131676,gompertz,rate,rate,7.646e-03
NCT01159600,gompertz,shape,shape,4.423e-06
NCT01159600,gompertz,shape,rate,-3.067e-04
NCT01159600,gompertz,rate,shape,-3.067e-04
NCT01159600,gompertz,rate,rate,3.137e-02
NCT01164501,gompertz,shape,shape,1.084e-06
NCT01164501,gompertz,shape,rate,-1.525e-04
NCT01164501,gompertz,rate,shape,-1.525e-04
NCT01164501,gompertz,rate,rate,3.242e-02
NCT01167881,gompertz,shape,shape,5.222e-08
NCT01167881,gompertz,shape,rate,-1.613e-05
NCT01167881,gompertz,rate,shape,-1.613e-05
NCT01167881,gompertz,rate,rate,9.149e-03
NCT01177813,gompertz,shape,shape,4.577e-06
NCT01177813,gompertz,shape,rate,-3.355e-04
NCT01177813,gompertz,rate,shape,-3.355e-04
NCT01177813,gompertz,rate,rate,3.535e-02
NCT01191268,gompertz,shape,shape,6.487e-07
NCT01191268,gompertz,shape,rate,-8.683e-05
NCT01191268,gompertz,rate,shape,-8.683e-05
NCT01191268,gompertz,rate,rate,1.799e-02
NCT01191944,gompertz,shape,shape,3.077e-05
NCT01191944,gompertz,shape,rate,-1.093e-03
NCT01191944,gompertz,rate,shape,-1.093e-03
NCT01191944,gompertz,rate,rate,6.661e-02
NCT01194830,gompertz,shape,shape,9.587e-06
NCT01194830,gompertz,shape,rate,-5.496e-04
NCT01194830,gompertz,rate,shape,-5.496e-04
NCT01194830,gompertz,rate,rate,5.037e-02
NCT01204294,gompertz,shape,shape,2.690e-06
NCT01204294,gompertz,shape,rate,-3.981e-04
NCT01204294,gompertz,rate,shape,-3.981e-04
NCT01204294,gompertz,rate,rate,8.670e-02
NCT01210001,gompertz,shape,shape,1.061e-05
NCT01210001,gompertz,shape,rate,-8.185e-04
NCT01210001,gompertz,rate,shape,-8.185e-04
NCT01210001,gompertz,rate,rate,8.879e-02
NCT01214239,gompertz,shape,shape,1.534e-05
NCT01214239,gompertz,shape,rate,-1.033e-03
NCT01214239,gompertz,rate,shape,-1.033e-03
NCT01214239,gompertz,rate,rate,1.041e-01
NCT01306214,gompertz,shape,shape,1.034e-06
NCT01306214,gompertz,shape,rate,-1.842e-04
NCT01306214,gompertz,rate,shape,-1.842e-04
NCT01306214,gompertz,rate,rate,4.430e-02
NCT01335464,gompertz,shape,shape,8.043e-07
NCT01335464,gompertz,shape,rate,-1.333e-04
NCT01335464,gompertz,rate,shape,-1.333e-04
NCT01335464,gompertz,rate,rate,3.085e-02
NCT01335477,gompertz,shape,shape,7.650e-07
NCT01335477,gompertz,shape,rate,-1.236e-04
NCT01335477,gompertz,rate,shape,-1.236e-04
NCT01335477,gompertz,rate,rate,2.824e-02
NCT01368081,gompertz,shape,shape,9.477e-07
NCT01368081,gompertz,shape,rate,-1.667e-04
NCT01368081,gompertz,rate,shape,-1.667e-04
NCT01368081,gompertz,rate,rate,3.973e-02
NCT01370005,gompertz,shape,shape,4.539e-05
NCT01370005,gompertz,shape,rate,-1.978e-03
NCT01370005,gompertz,rate,shape,-1.978e-03
NCT01370005,gompertz,rate,rate,1.147e-01
NCT01422876,gompertz,shape,shape,4.926e-07
NCT01422876,gompertz,shape,rate,-7.474e-05
NCT01422876,gompertz,rate,shape,-7.474e-05
NCT01422876,gompertz,rate,rate,1.655e-02
NCT01558271,gompertz,shape,shape,2.237e-06
NCT01558271,gompertz,shape,rate,-3.074e-04
NCT01558271,gompertz,rate,shape,-3.074e-04
NCT01558271,gompertz,rate,rate,6.445e-02
NCT01621178,gompertz,shape,shape,1.059e-06
NCT01621178,gompertz,shape,rate,-1.440e-04
NCT01621178,gompertz,rate,shape,-1.440e-04
NCT01621178,gompertz,rate,rate,3.021e-02
NCT01624259,gompertz,shape,shape,9.851e-06
NCT01624259,gompertz,shape,rate,-7.833e-04
NCT01624259,gompertz,rate,shape,-7.833e-04
NCT01624259,gompertz,rate,rate,8.931e-02
NCT01694771,gompertz,shape,shape,2.047e-05
NCT01694771,gompertz,shape,rate,-9.203e-04
NCT01694771,gompertz,rate,shape,-9.203e-04
NCT01694771,gompertz,rate,rate,5.435e-02
NCT01708902,gompertz,shape,shape,8.075e-06
NCT01708902,gompertz,shape,rate,-4.461e-04
NCT01708902,gompertz,rate,shape,-4.461e-04
NCT01708902,gompertz,rate,rate,4.003e-02
NCT01719003,gompertz,shape,shape,3.738e-06
NCT01719003,gompertz,shape,rate,-2.483e-04
NCT01719003,gompertz,rate,shape,-2.483e-04
NCT01719003,gompertz,rate,rate,2.476e-02
NCT01769378,gompertz,shape,shape,1.916e-05
NCT01769378,gompertz,shape,rate,-1.231e-03
NCT01769378,gompertz,rate,shape,-1.231e-03
NCT01769378,gompertz,rate,rate,1.208e-01
NCT02152371,gompertz,shape,shape,1.302e-05
NCT02152371,gompertz,shape,rate,-9.370e-04
NCT02152371,gompertz,rate,shape,-9.370e-04
NCT02152371,gompertz,rate,rate,1.045e-01
NCT02172287,gompertz,shape,shape,4.471e-06
NCT02172287,gompertz,shape,rate,-2.479e-04
NCT02172287,gompertz,rate,shape,-2.479e-04
NCT02172287,gompertz,rate,rate,2.229e-02
NCT02172586,gompertz,shape,shape,8.608e-06
NCT02172586,gompertz,shape,rate,-6.228e-04
NCT02172586,gompertz,rate,shape,-6.228e-04
NCT02172586,gompertz,rate,rate,6.590e-02
NCT02175355,gompertz,shape,shape,1.025e-04
NCT02175355,gompertz,shape,rate,-2.241e-03
NCT02175355,gompertz,rate,shape,-2.241e-03
NCT02175355,gompertz,rate,rate,6.461e-02
NCT02177344,gompertz,shape,shape,1.165e-05
NCT02177344,gompertz,shape,rate,-4.198e-04
NCT02177344,gompertz,rate,shape,-4.198e-04
NCT02177344,gompertz,rate,rate,2.812e-02
NCT02177396,gompertz,shape,shape,1.196e-04
NCT02177396,gompertz,shape,rate,-2.931e-03
NCT02177396,gompertz,rate,shape,-2.931e-03
NCT02177396,gompertz,rate,rate,1.031e-01
NCT02177461,gompertz,shape,shape,3.835e-06
NCT02177461,gompertz,shape,rate,-2.810e-04
NCT02177461,gompertz,rate,shape,-2.810e-04
NCT02177461,gompertz,rate,rate,3.002e-02
NCT02183064,gompertz,shape,shape,4.379e-06
NCT02183064,gompertz,shape,rate,-2.441e-04
NCT02183064,gompertz,rate,shape,-2.441e-04
NCT02183064,gompertz,rate,rate,2.267e-02
NCT02200653,gompertz,shape,shape,1.965e-04
NCT02200653,gompertz,shape,rate,-5.633e-03
NCT02200653,gompertz,rate,shape,-5.633e-03
NCT02200653,gompertz,rate,rate,2.170e-01
NCT02240680,gompertz,shape,shape,9.771e-06
NCT02240680,gompertz,shape,rate,-7.715e-04
NCT02240680,gompertz,rate,shape,-7.715e-04
NCT02240680,gompertz,rate,rate,1.044e-01
NCT02489968,gompertz,shape,shape,4.830e-06
NCT02489968,gompertz,shape,rate,-5.864e-04
NCT02489968,gompertz,rate,shape,-5.864e-04
NCT02489968,gompertz,rate,rate,1.129e-01
NCT02750410,gompertz,shape,shape,5.632e-06
NCT02750410,gompertz,shape,rate,-8.438e-04
NCT02750410,gompertz,rate,shape,-8.438e-04
NCT02750410,gompertz,rate,rate,1.852e-01
NCT00034840,llogis,shape,shape,3.021e-02
NCT00034840,llogis,shape,scale,-7.352e-02
NCT00034840,llogis,scale,shape,-7.352e-02
NCT00034840,llogis,scale,scale,2.062e-01
NCT00051558,llogis,shape,shape,4.345e-03
NCT00051558,llogis,shape,scale,-3.168e-03
NCT00051558,llogis,scale,shape,-3.168e-03
NCT00051558,llogis,scale,scale,1.271e-02
NCT00125918,llogis,shape,shape,1.466e-02
NCT00125918,llogis,shape,scale,-2.267e-02
NCT00125918,llogis,scale,shape,-2.267e-02
NCT00125918,llogis,scale,scale,4.899e-02
NCT00152984,llogis,shape,shape,6.146e-02
NCT00152984,llogis,shape,scale,-2.996e-01
NCT00152984,llogis,scale,shape,-2.996e-01
NCT00152984,llogis,scale,scale,1.596e+00
NCT00153023,llogis,shape,shape,5.422e-03
NCT00153023,llogis,shape,scale,-1.309e-02
NCT00153023,llogis,scale,shape,-1.309e-02
NCT00153023,llogis,scale,scale,4.867e-02
NCT00153088,llogis,shape,shape,1.040e-02
NCT00153088,llogis,shape,scale,-2.061e-02
NCT00153088,llogis,scale,shape,-2.061e-02
NCT00153088,llogis,scale,scale,5.926e-02
NCT00168831,llogis,shape,shape,3.431e-03
NCT00168831,llogis,shape,scale,-6.310e-03
NCT00168831,llogis,scale,shape,-6.310e-03
NCT00168831,llogis,scale,scale,2.259e-02
NCT00168844,llogis,shape,shape,4.548e-03
NCT00168844,llogis,shape,scale,-1.029e-02
NCT00168844,llogis,scale,shape,-1.029e-02
NCT00168844,llogis,scale,scale,3.733e-02
NCT00168857,llogis,shape,shape,5.224e-03
NCT00168857,llogis,shape,scale,-9.586e-03
NCT00168857,llogis,scale,shape,-9.586e-03
NCT00168857,llogis,scale,scale,2.815e-02
NCT00239421,llogis,shape,shape,3.888e-02
NCT00239421,llogis,shape,scale,-1.182e-01
NCT00239421,llogis,scale,shape,-1.182e-01
NCT00239421,llogis,scale,scale,3.979e-01
NCT00274014,llogis,shape,shape,3.460e-03
NCT00274014,llogis,shape,scale,-5.161e-03
NCT00274014,llogis,scale,shape,-5.161e-03
NCT00274014,llogis,scale,scale,1.488e-02
NCT00274053,llogis,shape,shape,8.263e-03
NCT00274053,llogis,shape,scale,-1.525e-02
NCT00274053,llogis,scale,shape,-1.525e-02
NCT00274053,llogis,scale,scale,4.458e-02
NCT00274079,llogis,shape,shape,1.858e-02
NCT00274079,llogis,shape,scale,-4.644e-02
NCT00274079,llogis,scale,shape,-4.644e-02
NCT00274079,llogis,scale,scale,1.517e-01
NCT00274547,llogis,shape,shape,2.308e-03
NCT00274547,llogis,shape,scale,-4.405e-03
NCT00274547,llogis,scale,shape,-4.405e-03
NCT00274547,llogis,scale,scale,1.396e-02
NCT00274560,llogis,shape,shape,1.371e-02
NCT00274560,llogis,shape,scale,-4.140e-02
NCT00274560,llogis,scale,shape,-4.140e-02
NCT00274560,llogis,scale,scale,1.557e-01
NCT00274573,llogis,shape,shape,3.121e-03
NCT00274573,llogis,shape,scale,-6.829e-03
NCT00274573,llogis,scale,shape,-6.829e-03
NCT00274573,llogis,scale,scale,2.239e-02
NCT00274599,llogis,shape,shape,1.071e-02
NCT00274599,llogis,shape,scale,-2.697e-02
NCT00274599,llogis,scale,shape,-2.697e-02
NCT00274599,llogis,scale,scale,8.505e-02
NCT00274612,llogis,shape,shape,1.154e-02
NCT00274612,llogis,shape,scale,-2.528e-02
NCT00274612,llogis,scale,shape,-2.528e-02
NCT00274612,llogis,scale,scale,6.851e-02
NCT00277264,llogis,shape,shape,4.008e-03
NCT00277264,llogis,shape,scale,-8.283e-03
NCT00277264,llogis,scale,shape,-8.283e-03
NCT00277264,llogis,scale,scale,3.161e-02
NCT00321854,llogis,shape,shape,5.909e-03
NCT00321854,llogis,shape,scale,-7.459e-03
NCT00321854,llogis,scale,shape,-7.459e-03
NCT00321854,llogis,scale,scale,1.991e-02
NCT00384930,llogis,shape,shape,6.355e-03
NCT00384930,llogis,shape,scale,-1.228e-02
NCT00384930,llogis,scale,shape,-1.228e-02
NCT00384930,llogis,scale,scale,3.183e-02
NCT00402233,llogis,shape,shape,2.495e-02
NCT00402233,llogis,shape,scale,-6.287e-02
NCT00402233,llogis,scale,shape,-6.287e-02
NCT00402233,llogis,scale,scale,2.038e-01
NCT00466167,llogis,shape,shape,1.376e-02
NCT00466167,llogis,shape,scale,-3.976e-02
NCT00466167,llogis,scale,shape,-3.976e-02
NCT00466167,llogis,scale,scale,1.515e-01
NCT00472199,llogis,shape,shape,8.835e-03
NCT00472199,llogis,shape,scale,-1.390e-02
NCT00472199,llogis,scale,shape,-1.390e-02
NCT00472199,llogis,scale,scale,5.035e-02
NCT00479401,llogis,shape,shape,9.351e-03
NCT00479401,llogis,shape,scale,-2.436e-02
NCT00479401,llogis,scale,shape,-2.436e-02
NCT00479401,llogis,scale,scale,9.526e-02
NCT00525512,llogis,shape,shape,5.284e-03
NCT00525512,llogis,shape,scale,-7.713e-03
NCT00525512,llogis,scale,shape,-7.713e-03
NCT00525512,llogis,scale,scale,2.843e-02
NCT00563381,llogis,shape,shape,7.384e-04
NCT00563381,llogis,shape,scale,-1.872e-03
NCT00563381,llogis,scale,shape,-1.872e-03
NCT00563381,llogis,scale,scale,6.872e-03
NCT00601250,llogis,shape,shape,1.883e-02
NCT00601250,llogis,shape,scale,-5.845e-02
NCT00601250,llogis,scale,shape,-5.845e-02
NCT00601250,llogis,scale,scale,2.119e-01
NCT00602472,llogis,shape,shape,1.251e-02
NCT00602472,llogis,shape,scale,-3.276e-02
NCT00602472,llogis,scale,shape,-3.276e-02
NCT00602472,llogis,scale,scale,1.002e-01
NCT00622284,llogis,shape,shape,2.474e-03
NCT00622284,llogis,shape,scale,-4.520e-03
NCT00622284,llogis,scale,shape,-4.520e-03
NCT00622284,llogis,scale,scale,1.469e-02
NCT00641043,llogis,shape,shape,2.902e-02
NCT00641043,llogis,shape,scale,-9.928e-02
NCT00641043,llogis,scale,shape,-9.928e-02
NCT00641043,llogis,scale,scale,4.054e-01
NCT00654381,llogis,shape,shape,3.316e-02
NCT00654381,llogis,shape,scale,-3.213e-02
NCT00654381,llogis,scale,shape,-3.213e-02
NCT00654381,llogis,scale,scale,3.530e-02
NCT00734474,llogis,shape,shape,1.902e-03
NCT00734474,llogis,shape,scale,-1.534e-03
NCT00734474,llogis,scale,shape,-1.534e-03
NCT00734474,llogis,scale,scale,5.195e-03
NCT00740051,llogis,shape,shape,1.767e-02
NCT00740051,llogis,shape,scale,-2.398e-02
NCT00740051,llogis,scale,shape,-2.398e-02
NCT00740051,llogis,scale,scale,5.592e-02
NCT00772538,llogis,shape,shape,2.065e-02
NCT00772538,llogis,shape,scale,-7.425e-02
NCT00772538,llogis,scale,shape,-7.425e-02
NCT00772538,llogis,scale,scale,3.286e-01
NCT00776984,llogis,shape,shape,1.842e-02
NCT00776984,llogis,shape,scale,-3.486e-02
NCT00776984,llogis,scale,shape,-3.486e-02
NCT00776984,llogis,scale,scale,8.336e-02
NCT00782210,llogis,shape,shape,7.602e-03
NCT00782210,llogis,shape,scale,-1.649e-02
NCT00782210,llogis,scale,shape,-1.649e-02
NCT00782210,llogis,scale,scale,5.543e-02
NCT00782509,llogis,shape,shape,9.280e-03
NCT00782509,llogis,shape,scale,-2.365e-02
NCT00782509,llogis,scale,shape,-2.365e-02
NCT00782509,llogis,scale,scale,8.419e-02
NCT00793624,llogis,shape,shape,5.338e-03
NCT00793624,llogis,shape,scale,-1.213e-02
NCT00793624,llogis,scale,shape,-1.213e-02
NCT00793624,llogis,scale,scale,4.232e-02
NCT00798161,llogis,shape,shape,9.321e-03
NCT00798161,llogis,shape,scale,-2.405e-02
NCT00798161,llogis,scale,shape,-2.405e-02
NCT00798161,llogis,scale,scale,8.087e-02
NCT00800683,llogis,shape,shape,2.553e-02
NCT00800683,llogis,shape,scale,-3.702e-02
NCT00800683,llogis,scale,shape,-3.702e-02
NCT00800683,llogis,scale,scale,1.083e-01
NCT00848081,llogis,shape,shape,2.593e-02
NCT00848081,llogis,shape,scale,-4.926e-02
NCT00848081,llogis,scale,shape,-4.926e-02
NCT00848081,llogis,scale,scale,1.186e-01
NCT00855582,llogis,shape,shape,1.327e-02
NCT00855582,llogis,shape,scale,-2.950e-02
NCT00855582,llogis,scale,shape,-2.950e-02
NCT00855582,llogis,scale,scale,8.361e-02
NCT00861757,llogis,shape,shape,1.938e-02
NCT00861757,llogis,shape,scale,-4.337e-02
NCT00861757,llogis,scale,shape,-4.337e-02
NCT00861757,llogis,scale,scale,1.150e-01
NCT00915772,llogis,shape,shape,8.309e-03
NCT00915772,llogis,shape,scale,-1.239e-02
NCT00915772,llogis,scale,shape,-1.239e-02
NCT00915772,llogis,scale,scale,2.877e-02
NCT00926289,llogis,shape,shape,1.656e-02
NCT00926289,llogis,shape,scale,-5.104e-02
NCT00926289,llogis,scale,shape,-5.104e-02
NCT00926289,llogis,scale,scale,1.814e-01
NCT00954447,llogis,shape,shape,5.467e-03
NCT00954447,llogis,shape,scale,-1.352e-02
NCT00954447,llogis,scale,shape,-1.352e-02
NCT00954447,llogis,scale,scale,4.457e-02
NCT00970632,llogis,shape,shape,1.771e-02
NCT00970632,llogis,shape,scale,-3.096e-02
NCT00970632,llogis,scale,shape,-3.096e-02
NCT00970632,llogis,scale,scale,6.726e-02
NCT00975195,llogis,shape,shape,1.986e-03
NCT00975195,llogis,shape,scale,-3.705e-03
NCT00975195,llogis,scale,shape,-3.705e-03
NCT00975195,llogis,scale,scale,1.048e-02
NCT00996658,llogis,shape,shape,3.154e-02
NCT00996658,llogis,shape,scale,-6.607e-02
NCT00996658,llogis,scale,shape,-6.607e-02
NCT00996658,llogis,scale,scale,1.737e-01
NCT01064687,llogis,shape,shape,9.076e-03
NCT01064687,llogis,shape,scale,-2.357e-02
NCT01064687,llogis,scale,shape,-2.357e-02
NCT01064687,llogis,scale,scale,7.636e-02
NCT01075282,llogis,shape,shape,1.126e-02
NCT01075282,llogis,shape,scale,-3.573e-02
NCT01075282,llogis,scale,shape,-3.573e-02
NCT01075282,llogis,scale,scale,1.408e-01
NCT01084005,llogis,shape,shape,4.553e-02
NCT01084005,llogis,shape,scale,-9.695e-02
NCT01084005,llogis,scale,shape,-9.695e-02
NCT01084005,llogis,scale,scale,2.475e-01
NCT01087502,llogis,shape,shape,1.804e-02
NCT01087502,llogis,shape,scale,-2.821e-02
NCT01087502,llogis,scale,shape,-2.821e-02
NCT01087502,llogis,scale,scale,7.289e-02
NCT01126437,llogis,shape,shape,2.281e-04
NCT01126437,llogis,shape,scale,-4.301e-04
NCT01126437,llogis,scale,shape,-4.301e-04
NCT01126437,llogis,scale,scale,1.426e-03
NCT01126580,llogis,shape,shape,6.457e-03
NCT01126580,llogis,shape,scale,-1.241e-02
NCT01126580,llogis,scale,shape,-1.241e-02
NCT01126580,llogis,scale,scale,3.526e-02
NCT01131676,llogis,shape,shape,1.659e-03
NCT01131676,llogis,shape,scale,-6.723e-04
NCT01131676,llogis,scale,shape,-6.723e-04
NCT01131676,llogis,scale,scale,2.216e-03
NCT01159600,llogis,shape,shape,9.711e-03
NCT01159600,llogis,shape,scale,-3.236e-02
NCT01159600,llogis,scale,shape,-3.236e-02
NCT01159600,llogis,scale,scale,1.266e-01
NCT01164501,llogis,shape,shape,1.025e-02
NCT01164501,llogis,shape,scale,-2.561e-02
NCT01164501,llogis,scale,shape,-2.561e-02
NCT01164501,llogis,scale,scale,8.290e-02
NCT01167881,llogis,shape,shape,3.747e-03
NCT01167881,llogis,shape,scale,-1.161e-02
NCT01167881,llogis,scale,shape,-1.161e-02
NCT01167881,llogis,scale,scale,5.084e-02
NCT01177813,llogis,shape,shape,1.017e-02
NCT01177813,llogis,shape,scale,-2.481e-02
NCT01177813,llogis,scale,shape,-2.481e-02
NCT01177813,llogis,scale,scale,7.499e-02
NCT01191268,llogis,shape,shape,5.752e-03
NCT01191268,llogis,shape,scale,-1.214e-02
NCT01191268,llogis,scale,shape,-1.214e-02
NCT01191268,llogis,scale,scale,3.832e-02
NCT01191944,llogis,shape,shape,2.653e-02
NCT01191944,llogis,shape,scale,-1.279e-01
NCT01191944,llogis,scale,shape,-1.279e-01
NCT01191944,llogis,scale,scale,7.250e-01
NCT01194830,llogis,shape,shape,1.638e-02
NCT01194830,llogis,shape,scale,-2.791e-02
NCT01194830,llogis,scale,shape,-2.791e-02
NCT01194830,llogis,scale,scale,9.012e-02
NCT01204294,llogis,shape,shape,2.688e-02
NCT01204294,llogis,shape,scale,-9.534e-02
NCT01204294,llogis,scale,shape,-9.534e-02
NCT01204294,llogis,scale,scale,3.878e-01
NCT01210001,llogis,shape,shape,2.481e-02
NCT01210001,llogis,shape,scale,-8.305e-02
NCT01210001,llogis,scale,shape,-8.305e-02
NCT01210001,llogis,scale,scale,3.273e-01
NCT01214239,llogis,shape,shape,3.264e-02
NCT01214239,llogis,shape,scale,-8.513e-02
NCT01214239,llogis,scale,shape,-8.513e-02
NCT01214239,llogis,scale,scale,2.716e-01
NCT01306214,llogis,shape,shape,1.067e-02
NCT01306214,llogis,shape,scale,-1.853e-02
NCT01306214,llogis,scale,shape,-1.853e-02
NCT01306214,llogis,scale,scale,4.479e-02
NCT01335464,llogis,shape,shape,7.831e-03
NCT01335464,llogis,shape,scale,-1.102e-02
NCT01335464,llogis,scale,shape,-1.102e-02
NCT01335464,llogis,scale,scale,2.668e-02
NCT01335477,llogis,shape,shape,7.408e-03
NCT01335477,llogis,shape,scale,-1.109e-02
NCT01335477,llogis,scale,shape,-1.109e-02
NCT01335477,llogis,scale,scale,2.832e-02
NCT01368081,llogis,shape,shape,1.004e-02
NCT01368081,llogis,shape,scale,-2.784e-02
NCT01368081,llogis,scale,shape,-2.784e-02
NCT01368081,llogis,scale,scale,9.169e-02
NCT01370005,llogis,shape,shape,2.773e-02
NCT01370005,llogis,shape,scale,-7.299e-02
NCT01370005,llogis,scale,shape,-7.299e-02
NCT01370005,llogis,scale,scale,2.131e-01
NCT01422876,llogis,shape,shape,4.885e-03
NCT01422876,llogis,shape,scale,-1.218e-02
NCT01422876,llogis,scale,shape,-1.218e-02
NCT01422876,llogis,scale,scale,4.075e-02
NCT01558271,llogis,shape,shape,2.132e-02
NCT01558271,llogis,shape,scale,-8.334e-02
NCT01558271,llogis,scale,shape,-8.334e-02
NCT01558271,llogis,scale,scale,3.933e-01
NCT01621178,llogis,shape,shape,9.703e-03
NCT01621178,llogis,shape,scale,-2.351e-02
NCT01621178,llogis,scale,shape,-2.351e-02
NCT01621178,llogis,scale,scale,8.167e-02
NCT01624259,llogis,shape,shape,2.608e-02
NCT01624259,llogis,shape,scale,-7.994e-02
NCT01624259,llogis,scale,shape,-7.994e-02
NCT01624259,llogis,scale,scale,2.808e-01
NCT01694771,llogis,shape,shape,1.248e-02
NCT01694771,llogis,shape,scale,-3.024e-02
NCT01694771,llogis,scale,shape,-3.024e-02
NCT01694771,llogis,scale,scale,8.485e-02
NCT01708902,llogis,shape,shape,1.460e-02
NCT01708902,llogis,shape,scale,-5.224e-02
NCT01708902,llogis,scale,shape,-5.224e-02
NCT01708902,llogis,scale,scale,2.251e-01
NCT01719003,llogis,shape,shape,7.956e-03
NCT01719003,llogis,shape,scale,-2.906e-02
NCT01719003,llogis,scale,shape,-2.906e-02
NCT01719003,llogis,scale,scale,1.275e-01
NCT01769378,llogis,shape,shape,3.952e-02
NCT01769378,llogis,shape,scale,-1.149e-01
NCT01769378,llogis,scale,shape,-1.149e-01
NCT01769378,llogis,scale,scale,3.965e-01
NCT02152371,llogis,shape,shape,3.508e-02
NCT02152371,llogis,shape,scale,-1.071e-01
NCT02152371,llogis,scale,shape,-1.071e-01
NCT02152371,llogis,scale,scale,3.945e-01
NCT02172287,llogis,shape,shape,7.708e-03
NCT02172287,llogis,shape,scale,-1.995e-02
NCT02172287,llogis,scale,shape,-1.995e-02
NCT02172287,llogis,scale,scale,7.954e-02
NCT02172586,llogis,shape,shape,1.962e-02
NCT02172586,llogis,shape,scale,-4.736e-02
NCT02172586,llogis,scale,shape,-4.736e-02
NCT02172586,llogis,scale,scale,1.507e-01
NCT02175355,llogis,shape,shape,1.497e-02
NCT02175355,llogis,shape,scale,-3.131e-02
NCT02175355,llogis,scale,shape,-3.131e-02
NCT02175355,llogis,scale,scale,7.511e-02
NCT02177344,llogis,shape,shape,1.204e-02
NCT02177344,llogis,shape,scale,-4.395e-02
NCT02177344,llogis,scale,shape,-4.395e-02
NCT02177344,llogis,scale,scale,2.061e-01
NCT02177396,llogis,shape,shape,2.974e-02
NCT02177396,llogis,shape,scale,-7.632e-02
NCT02177396,llogis,scale,shape,-7.632e-02
NCT02177396,llogis,scale,scale,2.301e-01
NCT02177461,llogis,shape,shape,8.085e-03
NCT02177461,llogis,shape,scale,-8.771e-03
NCT02177461,llogis,scale,shape,-8.771e-03
NCT02177461,llogis,scale,scale,2.108e-02
NCT02183064,llogis,shape,shape,8.548e-03
NCT02183064,llogis,shape,scale,-3.327e-02
NCT02183064,llogis,scale,shape,-3.327e-02
NCT02183064,llogis,scale,scale,1.555e-01
NCT02200653,llogis,shape,shape,5.415e-02
NCT02200653,llogis,shape,scale,-1.750e-01
NCT02200653,llogis,scale,shape,-1.750e-01
NCT02200653,llogis,scale,scale,6.312e-01
NCT02240680,llogis,shape,shape,3.995e-02
NCT02240680,llogis,shape,scale,-1.562e-01
NCT02240680,llogis,scale,shape,-1.562e-01
NCT02240680,llogis,scale,scale,7.248e-01
NCT02489968,llogis,shape,shape,3.676e-02
NCT02489968,llogis,shape,scale,-1.138e-01
NCT02489968,llogis,scale,shape,-1.138e-01
NCT02489968,llogis,scale,scale,4.049e-01
NCT02750410,llogis,shape,shape,5.535e-02
NCT02750410,llogis,shape,scale,-1.279e-01
NCT02750410,llogis,scale,shape,-1.279e-01
NCT02750410,llogis,scale,scale,3.694e-01
NCT00034840,lnorm,meanlog,meanlog,3.507e-01
NCT00034840,lnorm,meanlog,sdlog,8.546e-02
NCT00034840,lnorm,sdlog,meanlog,8.546e-02
NCT00034840,lnorm,sdlog,sdlog,2.338e-02
NCT00051558,lnorm,meanlog,meanlog,1.685e-02
NCT00051558,lnorm,meanlog,sdlog,4.044e-03
NCT00051558,lnorm,sdlog,meanlog,4.044e-03
NCT00051558,lnorm,sdlog,sdlog,3.443e-03
NCT00125918,lnorm,meanlog,meanlog,7.499e-02
NCT00125918,lnorm,meanlog,sdlog,2.521e-02
NCT00125918,lnorm,sdlog,meanlog,2.521e-02
NCT00125918,lnorm,sdlog,sdlog,1.130e-02
NCT00152984,lnorm,meanlog,meanlog,2.790e+00
NCT00152984,lnorm,meanlog,sdlog,3.585e-01
NCT00152984,lnorm,sdlog,meanlog,3.585e-01
NCT00152984,lnorm,sdlog,sdlog,4.917e-02
NCT00153023,lnorm,meanlog,meanlog,6.834e-02
NCT00153023,lnorm,meanlog,sdlog,1.435e-02
NCT00153023,lnorm,sdlog,meanlog,1.435e-02
NCT00153023,lnorm,sdlog,sdlog,4.311e-03
NCT00153088,lnorm,meanlog,meanlog,8.711e-02
NCT00153088,lnorm,meanlog,sdlog,2.299e-02
NCT00153088,lnorm,sdlog,meanlog,2.299e-02
NCT00153088,lnorm,sdlog,sdlog,8.250e-03
NCT00168831,lnorm,meanlog,meanlog,3.120e-02
NCT00168831,lnorm,meanlog,sdlog,7.022e-03
NCT00168831,lnorm,sdlog,meanlog,7.022e-03
NCT00168831,lnorm,sdlog,sdlog,2.719e-03
NCT00168844,lnorm,meanlog,meanlog,5.220e-02
NCT00168844,lnorm,meanlog,sdlog,1.128e-02
NCT00168844,lnorm,sdlog,meanlog,1.128e-02
NCT00168844,lnorm,sdlog,sdlog,3.603e-03
NCT00168857,lnorm,meanlog,meanlog,4.212e-02
NCT00168857,lnorm,meanlog,sdlog,1.064e-02
NCT00168857,lnorm,sdlog,meanlog,1.064e-02
NCT00168857,lnorm,sdlog,sdlog,4.013e-03
NCT00239421,lnorm,meanlog,meanlog,6.641e-01
NCT00239421,lnorm,meanlog,sdlog,1.390e-01
NCT00239421,lnorm,sdlog,meanlog,1.390e-01
NCT00239421,lnorm,sdlog,sdlog,3.136e-02
NCT00274014,lnorm,meanlog,meanlog,2.067e-02
NCT00274014,lnorm,meanlog,sdlog,5.746e-03
NCT00274014,lnorm,sdlog,meanlog,5.746e-03
NCT00274014,lnorm,sdlog,sdlog,2.735e-03
NCT00274053,lnorm,meanlog,meanlog,6.107e-02
NCT00274053,lnorm,meanlog,sdlog,1.670e-02
NCT00274053,lnorm,sdlog,meanlog,1.670e-02
NCT00274053,lnorm,sdlog,sdlog,6.658e-03
NCT00274079,lnorm,meanlog,meanlog,2.146e-01
NCT00274079,lnorm,meanlog,sdlog,5.069e-02
NCT00274079,lnorm,sdlog,meanlog,5.069e-02
NCT00274079,lnorm,sdlog,sdlog,1.490e-02
NCT00274547,lnorm,meanlog,meanlog,1.975e-02
NCT00274547,lnorm,meanlog,sdlog,4.849e-03
NCT00274547,lnorm,sdlog,meanlog,4.849e-03
NCT00274547,lnorm,sdlog,sdlog,1.818e-03
NCT00274560,lnorm,meanlog,meanlog,2.343e-01
NCT00274560,lnorm,meanlog,sdlog,4.585e-02
NCT00274560,lnorm,sdlog,meanlog,4.585e-02
NCT00274560,lnorm,sdlog,sdlog,1.077e-02
NCT00274573,lnorm,meanlog,meanlog,3.072e-02
NCT00274573,lnorm,meanlog,sdlog,7.431e-03
NCT00274573,lnorm,sdlog,meanlog,7.431e-03
NCT00274573,lnorm,sdlog,sdlog,2.507e-03
NCT00274599,lnorm,meanlog,meanlog,1.270e-01
NCT00274599,lnorm,meanlog,sdlog,2.990e-02
NCT00274599,lnorm,sdlog,meanlog,2.990e-02
NCT00274599,lnorm,sdlog,sdlog,8.476e-03
NCT00274612,lnorm,meanlog,meanlog,1.045e-01
NCT00274612,lnorm,meanlog,sdlog,2.820e-02
NCT00274612,lnorm,sdlog,meanlog,2.820e-02
NCT00274612,lnorm,sdlog,sdlog,9.074e-03
NCT00277264,lnorm,meanlog,meanlog,4.263e-02
NCT00277264,lnorm,meanlog,sdlog,9.136e-03
NCT00277264,lnorm,sdlog,meanlog,9.136e-03
NCT00277264,lnorm,sdlog,sdlog,3.218e-03
NCT00321854,lnorm,meanlog,meanlog,2.698e-02
NCT00321854,lnorm,meanlog,sdlog,8.374e-03
NCT00321854,lnorm,sdlog,meanlog,8.374e-03
NCT00321854,lnorm,sdlog,sdlog,4.741e-03
NCT00384930,lnorm,meanlog,meanlog,4.535e-02
NCT00384930,lnorm,meanlog,sdlog,1.345e-02
NCT00384930,lnorm,sdlog,meanlog,1.345e-02
NCT00384930,lnorm,sdlog,sdlog,5.084e-03
NCT00402233,lnorm,meanlog,meanlog,2.710e-01
NCT00402233,lnorm,meanlog,sdlog,6.827e-02
NCT00402233,lnorm,sdlog,meanlog,6.827e-02
NCT00402233,lnorm,sdlog,sdlog,2.095e-02
NCT00466167,lnorm,meanlog,meanlog,2.166e-01
NCT00466167,lnorm,meanlog,sdlog,4.362e-02
NCT00466167,lnorm,sdlog,meanlog,4.362e-02
NCT00466167,lnorm,sdlog,sdlog,1.102e-02
NCT00472199,lnorm,meanlog,meanlog,6.406e-02
NCT00472199,lnorm,meanlog,sdlog,1.565e-02
NCT00472199,lnorm,sdlog,meanlog,1.565e-02
NCT00472199,lnorm,sdlog,sdlog,7.328e-03
NCT00479401,lnorm,meanlog,meanlog,1.335e-01
NCT00479401,lnorm,meanlog,sdlog,2.657e-02
NCT00479401,lnorm,sdlog,meanlog,2.657e-02
NCT00479401,lnorm,sdlog,sdlog,7.419e-03
NCT00525512,lnorm,meanlog,meanlog,3.957e-02
NCT00525512,lnorm,meanlog,sdlog,8.900e-03
NCT00525512,lnorm,sdlog,meanlog,8.900e-03
NCT00525512,lnorm,sdlog,sdlog,4.182e-03
NCT00563381,lnorm,meanlog,meanlog,9.572e-03
NCT00563381,lnorm,meanlog,sdlog,2.041e-03
NCT00563381,lnorm,sdlog,meanlog,2.041e-03
NCT00563381,lnorm,sdlog,sdlog,5.911e-04
NCT00601250,lnorm,meanlog,meanlog,3.334e-01
NCT00601250,lnorm,meanlog,sdlog,6.635e-02
NCT00601250,lnorm,sdlog,meanlog,6.635e-02
NCT00601250,lnorm,sdlog,sdlog,1.495e-02
NCT00602472,lnorm,meanlog,meanlog,1.579e-01
NCT00602472,lnorm,meanlog,sdlog,3.711e-02
NCT00602472,lnorm,sdlog,meanlog,3.711e-02
NCT00602472,lnorm,sdlog,sdlog,9.886e-03
NCT00622284,lnorm,meanlog,meanlog,2.074e-02
NCT00622284,lnorm,meanlog,sdlog,5.009e-03
NCT00622284,lnorm,sdlog,meanlog,5.009e-03
NCT00622284,lnorm,sdlog,sdlog,1.948e-03
NCT00641043,lnorm,meanlog,meanlog,6.283e-01
NCT00641043,lnorm,meanlog,sdlog,1.114e-01
NCT00641043,lnorm,sdlog,meanlog,1.114e-01
NCT00641043,lnorm,sdlog,sdlog,2.283e-02
NCT00654381,lnorm,meanlog,meanlog,4.988e-02
NCT00654381,lnorm,meanlog,sdlog,3.609e-02
NCT00654381,lnorm,sdlog,meanlog,3.609e-02
NCT00654381,lnorm,sdlog,sdlog,2.856e-02
NCT00734474,lnorm,meanlog,meanlog,7.211e-03
NCT00734474,lnorm,meanlog,sdlog,1.879e-03
NCT00734474,lnorm,sdlog,meanlog,1.879e-03
NCT00734474,lnorm,sdlog,sdlog,1.475e-03
NCT00740051,lnorm,meanlog,meanlog,7.806e-02
NCT00740051,lnorm,meanlog,sdlog,2.653e-02
NCT00740051,lnorm,sdlog,meanlog,2.653e-02
NCT00740051,lnorm,sdlog,sdlog,1.407e-02
NCT00772538,lnorm,meanlog,meanlog,5.019e-01
NCT00772538,lnorm,meanlog,sdlog,8.263e-02
NCT00772538,lnorm,sdlog,meanlog,8.263e-02
NCT00772538,lnorm,sdlog,sdlog,1.616e-02
NCT00776984,lnorm,meanlog,meanlog,1.219e-01
NCT00776984,lnorm,meanlog,sdlog,3.839e-02
NCT00776984,lnorm,sdlog,meanlog,3.839e-02
NCT00776984,lnorm,sdlog,sdlog,1.467e-02
NCT00782210,lnorm,meanlog,meanlog,8.017e-02
NCT00782210,lnorm,meanlog,sdlog,1.812e-02
NCT00782210,lnorm,sdlog,meanlog,1.812e-02
NCT00782210,lnorm,sdlog,sdlog,5.932e-03
NCT00782509,lnorm,meanlog,meanlog,1.193e-01
NCT00782509,lnorm,meanlog,sdlog,2.578e-02
NCT00782509,lnorm,sdlog,meanlog,2.578e-02
NCT00782509,lnorm,sdlog,sdlog,7.363e-03
NCT00793624,lnorm,meanlog,meanlog,5.936e-02
NCT00793624,lnorm,meanlog,sdlog,1.327e-02
NCT00793624,lnorm,sdlog,meanlog,1.327e-02
NCT00793624,lnorm,sdlog,sdlog,4.240e-03
NCT00798161,lnorm,meanlog,meanlog,1.167e-01
NCT00798161,lnorm,meanlog,sdlog,2.637e-02
NCT00798161,lnorm,sdlog,meanlog,2.637e-02
NCT00798161,lnorm,sdlog,sdlog,7.419e-03
NCT00800683,lnorm,meanlog,meanlog,1.556e-01
NCT00800683,lnorm,meanlog,sdlog,4.188e-02
NCT00800683,lnorm,sdlog,meanlog,4.188e-02
NCT00800683,lnorm,sdlog,sdlog,2.005e-02
NCT00848081,lnorm,meanlog,meanlog,1.671e-01
NCT00848081,lnorm,meanlog,sdlog,5.393e-02
NCT00848081,lnorm,sdlog,meanlog,5.393e-02
NCT00848081,lnorm,sdlog,sdlog,2.108e-02
NCT00855582,lnorm,meanlog,meanlog,1.149e-01
NCT00855582,lnorm,meanlog,sdlog,3.219e-02
NCT00855582,lnorm,sdlog,meanlog,3.219e-02
NCT00855582,lnorm,sdlog,sdlog,1.094e-02
NCT00861757,lnorm,meanlog,meanlog,1.622e-01
NCT00861757,lnorm,meanlog,sdlog,4.791e-02
NCT00861757,lnorm,sdlog,meanlog,4.791e-02
NCT00861757,lnorm,sdlog,sdlog,1.612e-02
NCT00915772,lnorm,meanlog,meanlog,4.446e-02
NCT00915772,lnorm,meanlog,sdlog,1.379e-02
NCT00915772,lnorm,sdlog,meanlog,1.379e-02
NCT00915772,lnorm,sdlog,sdlog,6.294e-03
NCT00926289,lnorm,meanlog,meanlog,2.679e-01
NCT00926289,lnorm,meanlog,sdlog,5.732e-02
NCT00926289,lnorm,sdlog,meanlog,5.732e-02
NCT00926289,lnorm,sdlog,sdlog,1.367e-02
NCT00954447,lnorm,meanlog,meanlog,6.417e-02
NCT00954447,lnorm,meanlog,sdlog,1.493e-02
NCT00954447,lnorm,sdlog,meanlog,1.493e-02
NCT00954447,lnorm,sdlog,sdlog,4.395e-03
NCT00970632,lnorm,meanlog,meanlog,1.025e-01
NCT00970632,lnorm,meanlog,sdlog,3.461e-02
NCT00970632,lnorm,sdlog,meanlog,3.461e-02
NCT00970632,lnorm,sdlog,sdlog,1.397e-02
NCT00975195,lnorm,meanlog,meanlog,1.554e-02
NCT00975195,lnorm,meanlog,sdlog,4.107e-03
NCT00975195,lnorm,sdlog,meanlog,4.107e-03
NCT00975195,lnorm,sdlog,sdlog,1.546e-03
NCT00996658,lnorm,meanlog,meanlog,2.747e-01
NCT00996658,lnorm,meanlog,sdlog,7.437e-02
NCT00996658,lnorm,sdlog,meanlog,7.437e-02
NCT00996658,lnorm,sdlog,sdlog,2.442e-02
NCT01064687,lnorm,meanlog,meanlog,1.116e-01
NCT01064687,lnorm,meanlog,sdlog,2.592e-02
NCT01064687,lnorm,sdlog,meanlog,2.592e-02
NCT01064687,lnorm,sdlog,sdlog,7.218e-03
NCT01075282,lnorm,meanlog,meanlog,2.085e-01
NCT01075282,lnorm,meanlog,sdlog,3.943e-02
NCT01075282,lnorm,sdlog,meanlog,3.943e-02
NCT01075282,lnorm,sdlog,sdlog,8.909e-03
NCT01084005,lnorm,meanlog,meanlog,3.794e-01
NCT01084005,lnorm,meanlog,sdlog,1.082e-01
NCT01084005,lnorm,sdlog,meanlog,1.082e-01
NCT01084005,lnorm,sdlog,sdlog,3.584e-02
NCT01087502,lnorm,meanlog,meanlog,1.163e-01
NCT01087502,lnorm,meanlog,sdlog,3.201e-02
NCT01087502,lnorm,sdlog,meanlog,3.201e-02
NCT01087502,lnorm,sdlog,sdlog,1.365e-02
NCT01126437,lnorm,meanlog,meanlog,2.162e-03
NCT01126437,lnorm,meanlog,sdlog,4.820e-04
NCT01126437,lnorm,sdlog,meanlog,4.820e-04
NCT01126437,lnorm,sdlog,sdlog,1.740e-04
NCT01126580,lnorm,meanlog,meanlog,4.983e-02
NCT01126580,lnorm,meanlog,sdlog,1.354e-02
NCT01126580,lnorm,sdlog,meanlog,1.354e-02
NCT01126580,lnorm,sdlog,sdlog,5.102e-03
NCT01131676,lnorm,meanlog,meanlog,3.549e-03
NCT01131676,lnorm,meanlog,sdlog,9.443e-04
NCT01131676,lnorm,sdlog,meanlog,9.443e-04
NCT01131676,lnorm,sdlog,sdlog,1.230e-03
NCT01159600,lnorm,meanlog,meanlog,1.982e-01
NCT01159600,lnorm,meanlog,sdlog,3.658e-02
NCT01159600,lnorm,sdlog,meanlog,3.658e-02
NCT01159600,lnorm,sdlog,sdlog,7.685e-03
NCT01164501,lnorm,meanlog,meanlog,1.196e-01
NCT01164501,lnorm,meanlog,sdlog,2.814e-02
NCT01164501,lnorm,sdlog,meanlog,2.814e-02
NCT01164501,lnorm,sdlog,sdlog,8.193e-03
NCT01167881,lnorm,meanlog,meanlog,6.815e-02
NCT01167881,lnorm,meanlog,sdlog,1.263e-02
NCT01167881,lnorm,sdlog,meanlog,1.263e-02
NCT01167881,lnorm,sdlog,sdlog,3.090e-03
NCT01177813,lnorm,meanlog,meanlog,1.151e-01
NCT01177813,lnorm,meanlog,sdlog,2.776e-02
NCT01177813,lnorm,sdlog,meanlog,2.776e-02
NCT01177813,lnorm,sdlog,sdlog,8.000e-03
NCT01191268,lnorm,meanlog,meanlog,5.228e-02
NCT01191268,lnorm,meanlog,sdlog,1.319e-02
NCT01191268,lnorm,sdlog,meanlog,1.319e-02
NCT01191268,lnorm,sdlog,sdlog,4.628e-03
NCT01191944,lnorm,meanlog,meanlog,1.063e+00
NCT01191944,lnorm,meanlog,sdlog,1.427e-01
NCT01191944,lnorm,sdlog,meanlog,1.427e-01
NCT01191944,lnorm,sdlog,sdlog,2.171e-02
NCT01194830,lnorm,meanlog,meanlog,1.221e-01
NCT01194830,lnorm,meanlog,sdlog,3.100e-02
NCT01194830,lnorm,sdlog,meanlog,3.100e-02
NCT01194830,lnorm,sdlog,sdlog,1.319e-02
NCT01204294,lnorm,meanlog,meanlog,6.150e-01
NCT01204294,lnorm,meanlog,sdlog,1.088e-01
NCT01204294,lnorm,sdlog,meanlog,1.088e-01
NCT01204294,lnorm,sdlog,sdlog,2.145e-02
NCT01210001,lnorm,meanlog,meanlog,5.520e-01
NCT01210001,lnorm,meanlog,sdlog,9.535e-02
NCT01210001,lnorm,sdlog,meanlog,9.535e-02
NCT01210001,lnorm,sdlog,sdlog,1.890e-02
NCT01214239,lnorm,meanlog,meanlog,4.033e-01
NCT01214239,lnorm,meanlog,sdlog,9.469e-02
NCT01214239,lnorm,sdlog,meanlog,9.469e-02
NCT01214239,lnorm,sdlog,sdlog,2.618e-02
NCT01306214,lnorm,meanlog,meanlog,6.962e-02
NCT01306214,lnorm,meanlog,sdlog,2.063e-02
NCT01306214,lnorm,sdlog,meanlog,2.063e-02
NCT01306214,lnorm,sdlog,sdlog,8.148e-03
NCT01335464,lnorm,meanlog,meanlog,3.916e-02
NCT01335464,lnorm,meanlog,sdlog,1.226e-02
NCT01335464,lnorm,sdlog,meanlog,1.226e-02
NCT01335464,lnorm,sdlog,sdlog,6.064e-03
NCT01335477,lnorm,meanlog,meanlog,4.314e-02
NCT01335477,lnorm,meanlog,sdlog,1.245e-02
NCT01335477,lnorm,sdlog,meanlog,1.245e-02
NCT01335477,lnorm,sdlog,sdlog,5.672e-03
NCT01368081,lnorm,meanlog,meanlog,1.507e-01
NCT01368081,lnorm,meanlog,sdlog,3.171e-02
NCT01368081,lnorm,sdlog,meanlog,3.171e-02
NCT01368081,lnorm,sdlog,sdlog,7.705e-03
NCT01370005,lnorm,meanlog,meanlog,3.396e-01
NCT01370005,lnorm,meanlog,sdlog,8.489e-02
NCT01370005,lnorm,sdlog,meanlog,8.489e-02
NCT01370005,lnorm,sdlog,sdlog,2.288e-02
NCT01422876,lnorm,meanlog,meanlog,6.431e-02
NCT01422876,lnorm,meanlog,sdlog,1.358e-02
NCT01422876,lnorm,sdlog,meanlog,1.358e-02
NCT01422876,lnorm,sdlog,sdlog,3.710e-03
NCT01558271,lnorm,meanlog,meanlog,6.301e-01
NCT01558271,lnorm,meanlog,sdlog,9.396e-02
NCT01558271,lnorm,sdlog,meanlog,9.396e-02
NCT01558271,lnorm,sdlog,sdlog,1.642e-02
NCT01621178,lnorm,meanlog,meanlog,1.148e-01
NCT01621178,lnorm,meanlog,sdlog,2.564e-02
NCT01621178,lnorm,sdlog,meanlog,2.564e-02
NCT01621178,lnorm,sdlog,sdlog,7.721e-03
NCT01624259,lnorm,meanlog,meanlog,4.295e-01
NCT01624259,lnorm,meanlog,sdlog,9.057e-02
NCT01624259,lnorm,sdlog,meanlog,9.057e-02
NCT01624259,lnorm,sdlog,sdlog,2.120e-02
NCT01694771,lnorm,meanlog,meanlog,1.349e-01
NCT01694771,lnorm,meanlog,sdlog,3.447e-02
NCT01694771,lnorm,sdlog,meanlog,3.447e-02
NCT01694771,lnorm,sdlog,sdlog,9.905e-03
NCT01708902,lnorm,meanlog,meanlog,3.268e-01
NCT01708902,lnorm,meanlog,sdlog,5.784e-02
NCT01708902,lnorm,sdlog,meanlog,5.784e-02
NCT01708902,lnorm,sdlog,sdlog,1.187e-02
NCT01719003,lnorm,meanlog,meanlog,1.970e-01
NCT01719003,lnorm,meanlog,sdlog,3.232e-02
NCT01719003,lnorm,sdlog,meanlog,3.232e-02
NCT01719003,lnorm,sdlog,sdlog,6.177e-03
NCT01769378,lnorm,meanlog,meanlog,5.582e-01
NCT01769378,lnorm,meanlog,sdlog,1.270e-01
NCT01769378,lnorm,sdlog,meanlog,1.270e-01
NCT01769378,lnorm,sdlog,sdlog,3.292e-02
NCT02152371,lnorm,meanlog,meanlog,5.621e-01
NCT02152371,lnorm,meanlog,sdlog,1.180e-01
NCT02152371,lnorm,sdlog,meanlog,1.180e-01
NCT02152371,lnorm,sdlog,sdlog,2.873e-02
NCT02172287,lnorm,meanlog,meanlog,1.110e-01
NCT02172287,lnorm,meanlog,sdlog,2.177e-02
NCT02172287,lnorm,sdlog,meanlog,2.177e-02
NCT02172287,lnorm,sdlog,sdlog,6.112e-03
NCT02172586,lnorm,meanlog,meanlog,2.383e-01
NCT02172586,lnorm,meanlog,sdlog,5.287e-02
NCT02172586,lnorm,sdlog,meanlog,5.287e-02
NCT02172586,lnorm,sdlog,sdlog,1.493e-02
NCT02175355,lnorm,meanlog,meanlog,1.151e-01
NCT02175355,lnorm,meanlog,sdlog,3.562e-02
NCT02175355,lnorm,sdlog,meanlog,3.562e-02
NCT02175355,lnorm,sdlog,sdlog,1.224e-02
NCT02177344,lnorm,meanlog,meanlog,2.761e-01
NCT02177344,lnorm,meanlog,sdlog,4.767e-02
NCT02177344,lnorm,sdlog,meanlog,4.767e-02
NCT02177344,lnorm,sdlog,sdlog,1.003e-02
NCT02177396,lnorm,meanlog,meanlog,3.423e-01
NCT02177396,lnorm,meanlog,sdlog,8.559e-02
NCT02177396,lnorm,sdlog,meanlog,8.559e-02
NCT02177396,lnorm,sdlog,sdlog,2.427e-02
NCT02177461,lnorm,meanlog,meanlog,2.987e-02
NCT02177461,lnorm,meanlog,sdlog,1.001e-02
NCT02177461,lnorm,sdlog,meanlog,1.001e-02
NCT02177461,lnorm,sdlog,sdlog,6.405e-03
NCT02183064,lnorm,meanlog,meanlog,2.258e-01
NCT02183064,lnorm,meanlog,sdlog,3.697e-02
NCT02183064,lnorm,sdlog,meanlog,3.697e-02
NCT02183064,lnorm,sdlog,sdlog,6.986e-03
NCT02200653,lnorm,meanlog,meanlog,1.078e+00
NCT02200653,lnorm,meanlog,sdlog,2.057e-01
NCT02200653,lnorm,sdlog,meanlog,2.057e-01
NCT02200653,lnorm,sdlog,sdlog,4.274e-02
NCT02240680,lnorm,meanlog,meanlog,1.135e+00
NCT02240680,lnorm,meanlog,sdlog,1.793e-01
NCT02240680,lnorm,sdlog,meanlog,1.793e-01
NCT02240680,lnorm,sdlog,sdlog,3.238e-02
NCT02489968,lnorm,meanlog,meanlog,6.220e-01
NCT02489968,lnorm,meanlog,sdlog,1.328e-01
NCT02489968,lnorm,sdlog,meanlog,1.328e-01
NCT02489968,lnorm,sdlog,sdlog,3.131e-02
NCT02750410,lnorm,meanlog,meanlog,5.244e-01
NCT02750410,lnorm,meanlog,sdlog,1.402e-01
NCT02750410,lnorm,sdlog,meanlog,1.402e-01
NCT02750410,lnorm,sdlog,sdlog,4.486e-02
NCT00034840,weibull,shape,shape,3.061e-02
NCT00034840,weibull,shape,scale,-7.621e-02
NCT00034840,weibull,scale,shape,-7.621e-02
NCT00034840,weibull,scale,scale,2.161e-01
NCT00051558,weibull,shape,shape,4.744e-03
NCT00051558,weibull,shape,scale,-4.227e-03
NCT00051558,weibull,scale,shape,-4.227e-03
NCT00051558,weibull,scale,scale,1.220e-02
NCT00125918,weibull,shape,shape,1.520e-02
NCT00125918,weibull,shape,scale,-2.497e-02
NCT00125918,weibull,scale,shape,-2.497e-02
NCT00125918,weibull,scale,scale,5.395e-02
NCT00152984,weibull,shape,shape,6.190e-02
NCT00152984,weibull,shape,scale,-3.051e-01
NCT00152984,weibull,scale,shape,-3.051e-01
NCT00152984,weibull,scale,scale,1.637e+00
NCT00153023,weibull,shape,shape,5.693e-03
NCT00153023,weibull,shape,scale,-1.487e-02
NCT00153023,weibull,scale,shape,-1.487e-02
NCT00153023,weibull,scale,scale,5.446e-02
NCT00153088,weibull,shape,shape,1.070e-02
NCT00153088,weibull,shape,scale,-2.258e-02
NCT00153088,weibull,scale,shape,-2.258e-02
NCT00153088,weibull,scale,scale,6.466e-02
NCT00168831,weibull,shape,shape,3.649e-03
NCT00168831,weibull,shape,scale,-7.488e-03
NCT00168831,weibull,scale,shape,-7.488e-03
NCT00168831,weibull,scale,scale,2.508e-02
NCT00168844,weibull,shape,shape,4.784e-03
NCT00168844,weibull,shape,scale,-1.177e-02
NCT00168844,weibull,scale,shape,-1.177e-02
NCT00168844,weibull,scale,scale,4.173e-02
NCT00168857,weibull,shape,shape,5.473e-03
NCT00168857,weibull,shape,scale,-1.086e-02
NCT00168857,weibull,scale,shape,-1.086e-02
NCT00168857,weibull,scale,scale,3.104e-02
NCT00239421,weibull,shape,shape,3.919e-02
NCT00239421,weibull,shape,scale,-1.207e-01
NCT00239421,weibull,scale,shape,-1.207e-01
NCT00239421,weibull,scale,scale,4.097e-01
NCT00274014,weibull,shape,shape,3.677e-03
NCT00274014,weibull,shape,scale,-6.105e-03
NCT00274014,weibull,scale,shape,-6.105e-03
NCT00274014,weibull,scale,scale,1.647e-02
NCT00274053,weibull,shape,shape,8.700e-03
NCT00274053,weibull,shape,scale,-1.751e-02
NCT00274053,weibull,scale,shape,-1.751e-02
NCT00274053,weibull,scale,scale,5.038e-02
NCT00274079,weibull,shape,shape,1.922e-02
NCT00274079,weibull,shape,scale,-5.048e-02
NCT00274079,weibull,scale,shape,-5.048e-02
NCT00274079,weibull,scale,scale,1.661e-01
NCT00274547,weibull,shape,shape,2.429e-03
NCT00274547,weibull,shape,scale,-5.070e-03
NCT00274547,weibull,scale,shape,-5.070e-03
NCT00274547,weibull,scale,scale,1.562e-02
NCT00274560,weibull,shape,shape,1.407e-02
NCT00274560,weibull,shape,scale,-4.412e-02
NCT00274560,weibull,scale,shape,-4.412e-02
NCT00274560,weibull,scale,scale,1.673e-01
NCT00274573,weibull,shape,shape,3.271e-03
NCT00274573,weibull,shape,scale,-7.715e-03
NCT00274573,weibull,scale,shape,-7.715e-03
NCT00274573,weibull,scale,scale,2.507e-02
NCT00274599,weibull,shape,shape,1.101e-02
NCT00274599,weibull,shape,scale,-2.894e-02
NCT00274599,weibull,scale,shape,-2.894e-02
NCT00274599,weibull,scale,scale,9.233e-02
NCT00274612,weibull,shape,shape,1.182e-02
NCT00274612,weibull,shape,scale,-2.694e-02
NCT00274612,weibull,scale,shape,-2.694e-02
NCT00274612,weibull,scale,scale,7.390e-02
NCT00277264,weibull,shape,shape,4.260e-03
NCT00277264,weibull,shape,scale,-9.782e-03
NCT00277264,weibull,scale,shape,-9.782e-03
NCT00277264,weibull,scale,scale,3.546e-02
NCT00321854,weibull,shape,shape,6.304e-03
NCT00321854,weibull,shape,scale,-8.982e-03
NCT00321854,weibull,scale,shape,-8.982e-03
NCT00321854,weibull,scale,scale,2.211e-02
NCT00384930,weibull,shape,shape,6.573e-03
NCT00384930,weibull,shape,scale,-1.344e-02
NCT00384930,weibull,scale,shape,-1.344e-02
NCT00384930,weibull,scale,scale,3.509e-02
NCT00402233,weibull,shape,shape,2.591e-02
NCT00402233,weibull,shape,scale,-6.887e-02
NCT00402233,weibull,scale,shape,-6.887e-02
NCT00402233,weibull,scale,scale,2.265e-01
NCT00466167,weibull,shape,shape,1.421e-02
NCT00466167,weibull,shape,scale,-4.326e-02
NCT00466167,weibull,scale,shape,-4.326e-02
NCT00466167,weibull,scale,scale,1.662e-01
NCT00472199,weibull,shape,shape,9.527e-03
NCT00472199,weibull,shape,scale,-1.720e-02
NCT00472199,weibull,scale,shape,-1.720e-02
NCT00472199,weibull,scale,scale,5.663e-02
NCT00479401,weibull,shape,shape,9.780e-03
NCT00479401,weibull,shape,scale,-2.747e-02
NCT00479401,weibull,scale,shape,-2.747e-02
NCT00479401,weibull,scale,scale,1.065e-01
NCT00525512,weibull,shape,shape,5.684e-03
NCT00525512,weibull,shape,scale,-9.515e-03
NCT00525512,weibull,scale,shape,-9.515e-03
NCT00525512,weibull,scale,scale,3.072e-02
NCT00563381,weibull,shape,shape,7.718e-04
NCT00563381,weibull,shape,scale,-2.099e-03
NCT00563381,weibull,scale,shape,-2.099e-03
NCT00563381,weibull,scale,scale,7.679e-03
NCT00601250,weibull,shape,shape,1.921e-02
NCT00601250,weibull,shape,scale,-6.120e-02
NCT00601250,weibull,scale,shape,-6.120e-02
NCT00601250,weibull,scale,scale,2.244e-01
NCT00602472,weibull,shape,shape,1.273e-02
NCT00602472,weibull,shape,scale,-3.421e-02
NCT00602472,weibull,scale,shape,-3.421e-02
NCT00602472,weibull,scale,scale,1.058e-01
NCT00622284,weibull,shape,shape,2.618e-03
NCT00622284,weibull,shape,scale,-5.272e-03
NCT00622284,weibull,scale,shape,-5.272e-03
NCT00622284,weibull,scale,scale,1.637e-02
NCT00641043,weibull,shape,shape,2.963e-02
NCT00641043,weibull,shape,scale,-1.044e-01
NCT00641043,weibull,scale,shape,-1.044e-01
NCT00641043,weibull,scale,scale,4.308e-01
NCT00654381,weibull,shape,shape,3.379e-02
NCT00654381,weibull,shape,scale,-3.353e-02
NCT00654381,weibull,scale,shape,-3.353e-02
NCT00654381,weibull,scale,scale,3.738e-02
NCT00734474,weibull,shape,shape,2.052e-03
NCT00734474,weibull,shape,scale,-1.988e-03
NCT00734474,weibull,scale,shape,-1.988e-03
NCT00734474,weibull,scale,scale,5.188e-03
NCT00740051,weibull,shape,shape,1.869e-02
NCT00740051,weibull,shape,scale,-2.791e-02
NCT00740051,weibull,scale,shape,-2.791e-02
NCT00740051,weibull,scale,scale,6.284e-02
NCT00772538,weibull,shape,shape,2.117e-02
NCT00772538,weibull,shape,scale,-7.882e-02
NCT00772538,weibull,scale,shape,-7.882e-02
NCT00772538,weibull,scale,scale,3.519e-01
NCT00776984,weibull,shape,shape,1.897e-02
NCT00776984,weibull,shape,scale,-3.749e-02
NCT00776984,weibull,scale,shape,-3.749e-02
NCT00776984,weibull,scale,scale,9.061e-02
NCT00782210,weibull,shape,shape,7.964e-03
NCT00782210,weibull,shape,scale,-1.863e-02
NCT00782210,weibull,scale,shape,-1.863e-02
NCT00782210,weibull,scale,scale,6.145e-02
NCT00782509,weibull,shape,shape,9.658e-03
NCT00782509,weibull,shape,scale,-2.617e-02
NCT00782509,weibull,scale,shape,-2.617e-02
NCT00782509,weibull,scale,scale,9.312e-02
NCT00793624,weibull,shape,shape,5.598e-03
NCT00793624,weibull,shape,scale,-1.377e-02
NCT00793624,weibull,scale,shape,-1.377e-02
NCT00793624,weibull,scale,scale,4.743e-02
NCT00798161,weibull,shape,shape,9.637e-03
NCT00798161,weibull,shape,scale,-2.612e-02
NCT00798161,weibull,scale,shape,-2.612e-02
NCT00798161,weibull,scale,scale,8.858e-02
NCT00800683,weibull,shape,shape,2.720e-02
NCT00800683,weibull,shape,scale,-4.416e-02
NCT00800683,weibull,scale,shape,-4.416e-02
NCT00800683,weibull,scale,scale,1.199e-01
NCT00848081,weibull,shape,shape,2.678e-02
NCT00848081,weibull,shape,scale,-5.329e-02
NCT00848081,weibull,scale,shape,-5.329e-02
NCT00848081,weibull,scale,scale,1.299e-01
NCT00855582,weibull,shape,shape,1.373e-02
NCT00855582,weibull,shape,scale,-3.206e-02
NCT00855582,weibull,scale,shape,-3.206e-02
NCT00855582,weibull,scale,scale,9.211e-02
NCT00861757,weibull,shape,shape,1.986e-02
NCT00861757,weibull,shape,scale,-4.589e-02
NCT00861757,weibull,scale,shape,-4.589e-02
NCT00861757,weibull,scale,scale,1.235e-01
NCT00915772,weibull,shape,shape,8.656e-03
NCT00915772,weibull,shape,scale,-1.392e-02
NCT00915772,weibull,scale,shape,-1.392e-02
NCT00915772,weibull,scale,scale,3.172e-02
NCT00926289,weibull,shape,shape,1.687e-02
NCT00926289,weibull,shape,scale,-5.336e-02
NCT00926289,weibull,scale,shape,-5.336e-02
NCT00926289,weibull,scale,scale,1.922e-01
NCT00954447,weibull,shape,shape,5.643e-03
NCT00954447,weibull,shape,scale,-1.475e-02
NCT00954447,weibull,scale,shape,-1.475e-02
NCT00954447,weibull,scale,scale,4.907e-02
NCT00970632,weibull,shape,shape,1.815e-02
NCT00970632,weibull,shape,scale,-3.298e-02
NCT00970632,weibull,scale,shape,-3.298e-02
NCT00970632,weibull,scale,scale,7.243e-02
NCT00975195,weibull,shape,shape,2.077e-03
NCT00975195,weibull,shape,scale,-4.175e-03
NCT00975195,weibull,scale,shape,-4.175e-03
NCT00975195,weibull,scale,scale,1.167e-02
NCT00996658,weibull,shape,shape,3.235e-02
NCT00996658,weibull,shape,scale,-7.077e-02
NCT00996658,weibull,scale,shape,-7.077e-02
NCT00996658,weibull,scale,scale,1.885e-01
NCT01064687,weibull,shape,shape,9.331e-03
NCT01064687,weibull,shape,scale,-2.520e-02
NCT01064687,weibull,scale,shape,-2.520e-02
NCT01064687,weibull,scale,scale,8.241e-02
NCT01075282,weibull,shape,shape,1.157e-02
NCT01075282,weibull,shape,scale,-3.809e-02
NCT01075282,weibull,scale,shape,-3.809e-02
NCT01075282,weibull,scale,scale,1.513e-01
NCT01084005,weibull,shape,shape,4.652e-02
NCT01084005,weibull,shape,scale,-1.020e-01
NCT01084005,weibull,scale,shape,-1.020e-01
NCT01084005,weibull,scale,scale,2.628e-01
NCT01087502,weibull,shape,shape,1.890e-02
NCT01087502,weibull,shape,scale,-3.217e-02
NCT01087502,weibull,scale,shape,-3.217e-02
NCT01087502,weibull,scale,scale,8.078e-02
NCT01126437,weibull,shape,shape,2.395e-04
NCT01126437,weibull,shape,scale,-4.948e-04
NCT01126437,weibull,scale,shape,-4.948e-04
NCT01126437,weibull,scale,scale,1.569e-03
NCT01126580,weibull,shape,shape,6.743e-03
NCT01126580,weibull,shape,scale,-1.392e-02
NCT01126580,weibull,scale,shape,-1.392e-02
NCT01126580,weibull,scale,scale,3.925e-02
NCT01131676,weibull,shape,shape,1.741e-03
NCT01131676,weibull,shape,scale,-8.512e-04
NCT01131676,weibull,scale,shape,-8.512e-04
NCT01131676,weibull,scale,scale,1.945e-03
NCT01159600,weibull,shape,shape,9.900e-03
NCT01159600,weibull,shape,scale,-3.392e-02
NCT01159600,weibull,scale,shape,-3.392e-02
NCT01159600,weibull,scale,scale,1.344e-01
NCT01164501,weibull,shape,shape,1.059e-02
NCT01164501,weibull,shape,scale,-2.783e-02
NCT01164501,weibull,scale,shape,-2.783e-02
NCT01164501,weibull,scale,scale,9.096e-02
NCT01167881,weibull,shape,shape,3.905e-03
NCT01167881,weibull,shape,scale,-1.298e-02
NCT01167881,weibull,scale,shape,-1.298e-02
NCT01167881,weibull,scale,scale,5.718e-02
NCT01177813,weibull,shape,shape,1.044e-02
NCT01177813,weibull,shape,scale,-2.652e-02
NCT01177813,weibull,scale,shape,-2.652e-02
NCT01177813,weibull,scale,scale,8.114e-02
NCT01191268,weibull,shape,shape,6.032e-03
NCT01191268,weibull,shape,scale,-1.372e-02
NCT01191268,weibull,scale,shape,-1.372e-02
NCT01191268,weibull,scale,scale,4.292e-02
NCT01191944,weibull,shape,shape,2.715e-02
NCT01191944,weibull,shape,scale,-1.349e-01
NCT01191944,weibull,scale,shape,-1.349e-01
NCT01191944,weibull,scale,scale,7.747e-01
NCT01194830,weibull,shape,shape,1.746e-02
NCT01194830,weibull,shape,scale,-3.318e-02
NCT01194830,weibull,scale,shape,-3.318e-02
NCT01194830,weibull,scale,scale,1.013e-01
NCT01204294,weibull,shape,shape,2.732e-02
NCT01204294,weibull,shape,scale,-9.905e-02
NCT01204294,weibull,scale,shape,-9.905e-02
NCT01204294,weibull,scale,scale,4.074e-01
NCT01210001,weibull,shape,shape,2.520e-02
NCT01210001,weibull,shape,scale,-8.653e-02
NCT01210001,weibull,scale,shape,-8.653e-02
NCT01210001,weibull,scale,scale,3.445e-01
NCT01214239,weibull,shape,shape,3.350e-02
NCT01214239,weibull,shape,scale,-9.089e-02
NCT01214239,weibull,scale,shape,-9.089e-02
NCT01214239,weibull,scale,scale,2.943e-01
NCT01306214,weibull,shape,shape,1.105e-02
NCT01306214,weibull,shape,scale,-2.034e-02
NCT01306214,weibull,scale,shape,-2.034e-02
NCT01306214,weibull,scale,scale,4.912e-02
NCT01335464,weibull,shape,shape,8.245e-03
NCT01335464,weibull,shape,scale,-1.271e-02
NCT01335464,weibull,scale,shape,-1.271e-02
NCT01335464,weibull,scale,scale,2.961e-02
NCT01335477,weibull,shape,shape,7.782e-03
NCT01335477,weibull,shape,scale,-1.274e-02
NCT01335477,weibull,scale,shape,-1.274e-02
NCT01335477,weibull,scale,scale,3.139e-02
NCT01368081,weibull,shape,shape,1.022e-02
NCT01368081,weibull,shape,scale,-2.913e-02
NCT01368081,weibull,scale,shape,-2.913e-02
NCT01368081,weibull,scale,scale,9.685e-02
NCT01370005,weibull,shape,shape,2.807e-02
NCT01370005,weibull,shape,scale,-7.499e-02
NCT01370005,weibull,scale,shape,-7.499e-02
NCT01370005,weibull,scale,scale,2.210e-01
NCT01422876,weibull,shape,shape,5.033e-03
NCT01422876,weibull,shape,scale,-1.322e-02
NCT01422876,weibull,scale,shape,-1.322e-02
NCT01422876,weibull,scale,scale,4.441e-02
NCT01558271,weibull,shape,shape,2.175e-02
NCT01558271,weibull,shape,scale,-8.774e-02
NCT01558271,weibull,scale,shape,-8.774e-02
NCT01558271,weibull,scale,scale,4.184e-01
NCT01621178,weibull,shape,shape,1.013e-02
NCT01621178,weibull,shape,scale,-2.621e-02
NCT01621178,weibull,scale,shape,-2.621e-02
NCT01621178,weibull,scale,scale,9.061e-02
NCT01624259,weibull,shape,shape,2.653e-02
NCT01624259,weibull,shape,scale,-8.316e-02
NCT01624259,weibull,scale,shape,-8.316e-02
NCT01624259,weibull,scale,scale,2.954e-01
NCT01694771,weibull,shape,shape,1.271e-02
NCT01694771,weibull,shape,scale,-3.148e-02
NCT01694771,weibull,scale,shape,-3.148e-02
NCT01694771,weibull,scale,scale,8.916e-02
NCT01708902,weibull,shape,shape,1.498e-02
NCT01708902,weibull,shape,scale,-5.549e-02
NCT01708902,weibull,scale,shape,-5.549e-02
NCT01708902,weibull,scale,scale,2.424e-01
NCT01719003,weibull,shape,shape,8.084e-03
NCT01719003,weibull,shape,scale,-3.036e-02
NCT01719003,weibull,scale,shape,-3.036e-02
NCT01719003,weibull,scale,scale,1.343e-01
NCT01769378,weibull,shape,shape,4.050e-02
NCT01769378,weibull,shape,scale,-1.216e-01
NCT01769378,weibull,scale,shape,-1.216e-01
NCT01769378,weibull,scale,scale,4.256e-01
NCT02152371,weibull,shape,shape,3.600e-02
NCT02152371,weibull,shape,scale,-1.139e-01
NCT02152371,weibull,scale,shape,-1.139e-01
NCT02152371,weibull,scale,scale,4.253e-01
NCT02172287,weibull,shape,shape,8.086e-03
NCT02172287,weibull,shape,scale,-2.261e-02
NCT02172287,weibull,scale,shape,-2.261e-02
NCT02172287,weibull,scale,scale,8.866e-02
NCT02172586,weibull,shape,shape,2.015e-02
NCT02172586,weibull,shape,scale,-5.118e-02
NCT02172586,weibull,scale,shape,-5.118e-02
NCT02172586,weibull,scale,scale,1.643e-01
NCT02175355,weibull,shape,shape,1.521e-02
NCT02175355,weibull,shape,scale,-3.261e-02
NCT02175355,weibull,scale,shape,-3.261e-02
NCT02175355,weibull,scale,scale,7.929e-02
NCT02177344,weibull,shape,shape,1.247e-02
NCT02177344,weibull,shape,scale,-4.802e-02
NCT02177344,weibull,scale,shape,-4.802e-02
NCT02177344,weibull,scale,scale,2.287e-01
NCT02177396,weibull,shape,shape,3.036e-02
NCT02177396,weibull,shape,scale,-8.026e-02
NCT02177396,weibull,scale,shape,-8.026e-02
NCT02177396,weibull,scale,scale,2.454e-01
NCT02177461,weibull,shape,shape,8.625e-03
NCT02177461,weibull,shape,scale,-1.064e-02
NCT02177461,weibull,scale,shape,-1.064e-02
NCT02177461,weibull,scale,scale,2.341e-02
NCT02183064,weibull,shape,shape,8.763e-03
NCT02183064,weibull,shape,scale,-3.530e-02
NCT02183064,weibull,scale,shape,-3.530e-02
NCT02183064,weibull,scale,scale,1.673e-01
NCT02200653,weibull,shape,shape,5.470e-02
NCT02200653,weibull,shape,scale,-1.794e-01
NCT02200653,weibull,scale,shape,-1.794e-01
NCT02200653,weibull,scale,scale,6.524e-01
NCT02240680,weibull,shape,shape,4.047e-02
NCT02240680,weibull,shape,scale,-1.632e-01
NCT02240680,weibull,scale,shape,-1.632e-01
NCT02240680,weibull,scale,scale,7.681e-01
NCT02489968,weibull,shape,shape,3.722e-02
NCT02489968,weibull,shape,scale,-1.179e-01
NCT02489968,weibull,scale,shape,-1.179e-01
NCT02489968,weibull,scale,scale,4.244e-01
NCT02750410,weibull,shape,shape,5.698e-02
NCT02750410,weibull,shape,scale,-1.376e-01
NCT02750410,weibull,scale,shape,-1.376e-01
NCT02750410,weibull,scale,scale,4.029e-01
