ctgov,dist,parameter,est,se
NCT00034840,exp,rate,-6.742e+00,1.768e-01
NCT00051558,exp,rate,-7.537e+00,7.372e-02
NCT00125918,exp,rate,-6.515e+00,1.260e-01
NCT00152984,exp,rate,-7.823e+00,2.500e-01
NCT00153023,exp,rate,-7.438e+00,7.762e-02
NCT00153088,exp,rate,-7.992e+00,1.085e-01
NCT00168831,exp,rate,-7.022e+00,6.275e-02
NCT00168844,exp,rate,-7.291e+00,7.125e-02
NCT00168857,exp,rate,-7.382e+00,7.603e-02
NCT00239421,exp,rate,-6.953e+00,2.000e-01
NCT00274014,exp,rate,-7.066e+00,6.299e-02
NCT00274053,exp,rate,-7.090e+00,9.623e-02
NCT00274079,exp,rate,-6.390e+00,1.414e-01
NCT00274547,exp,rate,-6.615e+00,5.083e-02
NCT00274560,exp,rate,-6.625e+00,1.204e-01
NCT00274573,exp,rate,-6.033e+00,5.882e-02
NCT00274599,exp,rate,-6.754e+00,1.066e-01
NCT00274612,exp,rate,-6.837e+00,1.104e-01
NCT00277264,exp,rate,-7.067e+00,6.773e-02
NCT00321854,exp,rate,-7.126e+00,8.305e-02
NCT00384930,exp,rate,-6.378e+00,8.305e-02
NCT00402233,exp,rate,-6.486e+00,1.644e-01
NCT00466167,exp,rate,-7.326e+00,1.222e-01
NCT00472199,exp,rate,-6.206e+00,1.026e-01
NCT00479401,exp,rate,-7.035e+00,1.015e-01
NCT00525512,exp,rate,-7.465e+00,7.906e-02
NCT00563381,exp,rate,-7.563e+00,2.849e-02
NCT00601250,exp,rate,-7.727e+00,1.400e-01
NCT00602472,exp,rate,-7.721e+00,1.140e-01
NCT00622284,exp,rate,-7.907e+00,5.293e-02
NCT00641043,exp,rate,-7.548e+00,1.741e-01
NCT00654381,exp,rate,-8.768e+00,1.857e-01
NCT00734474,exp,rate,-7.254e+00,4.800e-02
NCT00740051,exp,rate,-7.283e+00,1.414e-01
NCT00772538,exp,rate,-8.059e+00,1.474e-01
NCT00776984,exp,rate,-7.949e+00,1.400e-01
NCT00782210,exp,rate,-7.353e+00,9.167e-02
NCT00782509,exp,rate,-7.588e+00,1.005e-01
NCT00793624,exp,rate,-7.359e+00,7.692e-02
NCT00798161,exp,rate,-7.129e+00,1.000e-01
NCT00800683,exp,rate,-7.072e+00,1.715e-01
NCT00848081,exp,rate,-6.556e+00,1.667e-01
NCT00855582,exp,rate,-6.538e+00,1.195e-01
NCT00861757,exp,rate,-6.927e+00,1.429e-01
NCT00915772,exp,rate,-7.471e+00,9.535e-02
NCT00926289,exp,rate,-6.577e+00,1.313e-01
NCT00954447,exp,rate,-8.077e+00,7.738e-02
NCT00970632,exp,rate,-6.680e+00,1.374e-01
NCT00975195,exp,rate,-7.478e+00,4.678e-02
NCT00996658,exp,rate,-7.286e+00,1.826e-01
NCT01064687,exp,rate,-8.076e+00,9.806e-02
NCT01075282,exp,rate,-8.504e+00,1.091e-01
NCT01084005,exp,rate,-7.516e+00,2.182e-01
NCT01087502,exp,rate,-7.318e+00,1.414e-01
NCT01126437,exp,rate,-8.063e+00,1.598e-02
NCT01126580,exp,rate,-7.538e+00,8.422e-02
NCT01131676,exp,rate,-7.489e+00,4.545e-02
NCT01159600,exp,rate,-7.671e+00,1.005e-01
NCT01164501,exp,rate,-7.914e+00,1.048e-01
NCT01167881,exp,rate,-8.909e+00,6.455e-02
NCT01177813,exp,rate,-7.346e+00,1.037e-01
NCT01191268,exp,rate,-7.510e+00,7.981e-02
NCT01191944,exp,rate,-7.361e+00,1.667e-01
NCT01194830,exp,rate,-6.351e+00,1.374e-01
NCT01204294,exp,rate,-8.626e+00,1.667e-01
NCT01210001,exp,rate,-7.647e+00,1.601e-01
NCT01214239,exp,rate,-7.412e+00,1.857e-01
NCT01306214,exp,rate,-7.686e+00,1.072e-01
NCT01335464,exp,rate,-7.272e+00,9.366e-02
NCT01335477,exp,rate,-7.275e+00,9.091e-02
NCT01368081,exp,rate,-8.346e+00,1.021e-01
NCT01370005,exp,rate,-7.588e+00,1.690e-01
NCT01422876,exp,rate,-7.774e+00,7.217e-02
NCT01558271,exp,rate,-8.233e+00,1.491e-01
NCT01621178,exp,rate,-7.612e+00,1.031e-01
NCT01624259,exp,rate,-7.963e+00,1.644e-01
NCT01694771,exp,rate,-7.112e+00,1.140e-01
NCT01708902,exp,rate,-7.491e+00,1.240e-01
NCT01719003,exp,rate,-7.499e+00,9.091e-02
NCT01769378,exp,rate,-7.604e+00,2.041e-01
NCT02152371,exp,rate,-7.633e+00,1.925e-01
NCT02172287,exp,rate,-6.667e+00,9.245e-02
NCT02172586,exp,rate,-7.093e+00,1.443e-01
NCT02175355,exp,rate,-6.494e+00,1.250e-01
NCT02177344,exp,rate,-7.143e+00,1.140e-01
NCT02177396,exp,rate,-6.570e+00,1.768e-01
NCT02177461,exp,rate,-6.242e+00,9.713e-02
NCT02183064,exp,rate,-7.575e+00,9.535e-02
NCT02200653,exp,rate,-7.089e+00,2.357e-01
NCT02240680,exp,rate,-7.963e+00,2.085e-01
NCT02489968,exp,rate,-8.494e+00,2.041e-01
NCT02750410,exp,rate,-8.067e+00,2.425e-01
NCT00034840,gengamma,mu,6.399e+00,8.564e-01
NCT00034840,gengamma,sigma,-3.477e-01,2.479e+00
NCT00034840,gengamma,Q,1.321e+00,3.333e+00
NCT00051558,gengamma,mu,7.516e+00,1.766e-01
NCT00051558,gengamma,sigma,5.663e-01,1.524e-01
NCT00051558,gengamma,Q,3.233e-01,3.273e-01
NCT00125918,gengamma,mu,6.273e+00,2.237e-01
NCT00125918,gengamma,sigma,-9.105e-01,1.105e-01
NCT00125918,gengamma,Q,2.344e+00,3.629e-02
NCT00152984,gengamma,mu,9.082e+00,1.185e+00
NCT00152984,gengamma,sigma,-5.916e-02,1.182e-01
NCT00152984,gengamma,Q,1.563e+00,2.104e-01
NCT00153023,gengamma,mu,8.560e+00,3.033e-01
NCT00153023,gengamma,sigma,1.229e+00,2.112e-01
NCT00153023,gengamma,Q,-2.474e-01,5.042e-01
NCT00153088,gengamma,mu,8.580e+00,3.211e-01
NCT00153088,gengamma,sigma,7.140e-01,4.264e-01
NCT00153088,gengamma,Q,2.762e-01,6.666e-01
NCT00168831,gengamma,mu,7.566e+00,2.887e-01
NCT00168831,gengamma,sigma,1.149e+00,1.466e-01
NCT00168831,gengamma,Q,-3.086e-01,4.224e-01
NCT00168844,gengamma,mu,8.222e+00,3.180e-01
NCT00168844,gengamma,sigma,1.234e+00,1.878e-01
NCT00168844,gengamma,Q,-3.481e-01,5.063e-01
NCT00168857,gengamma,mu,7.742e+00,3.958e-01
NCT00168857,gengamma,sigma,-4.859e-01,2.159e+00
NCT00168857,gengamma,Q,2.195e+00,4.740e+00
NCT00239421,gengamma,mu,6.670e+00,6.012e-01
NCT00239421,gengamma,sigma,-5.351e-01,1.395e-01
NCT00239421,gengamma,Q,1.677e+00,9.992e-02
NCT00274014,gengamma,mu,7.315e+00,2.083e-01
NCT00274014,gengamma,sigma,8.996e-01,1.576e-01
NCT00274014,gengamma,Q,-1.952e-01,4.099e-01
NCT00274053,gengamma,mu,7.429e+00,3.794e-01
NCT00274053,gengamma,sigma,1.073e+00,2.003e-01
NCT00274053,gengamma,Q,-5.704e-01,6.268e-01
NCT00274079,gengamma,mu,6.679e+00,1.379e+00
NCT00274079,gengamma,sigma,1.427e+00,2.184e-01
NCT00274079,gengamma,Q,-1.604e+00,1.566e+00
NCT00274547,gengamma,mu,7.223e+00,1.228e-01
NCT00274547,gengamma,sigma,-6.629e-01,4.826e-02
NCT00274547,gengamma,Q,2.885e+00,9.179e-03
NCT00274560,gengamma,mu,7.341e+00,5.773e-01
NCT00274560,gengamma,sigma,-3.027e-01,4.215e+00
NCT00274560,gengamma,Q,1.964e+00,8.277e+00
NCT00274573,gengamma,mu,6.154e+00,4.872e-01
NCT00274573,gengamma,sigma,1.339e+00,8.210e-02
NCT00274573,gengamma,Q,-1.305e+00,5.245e-01
NCT00274599,gengamma,mu,7.728e+00,4.617e-01
NCT00274599,gengamma,sigma,8.810e-01,4.316e-01
NCT00274599,gengamma,Q,1.025e-01,6.696e-01
NCT00274612,gengamma,mu,7.203e+00,4.750e-01
NCT00274612,gengamma,sigma,4.985e-01,4.704e-01
NCT00274612,gengamma,Q,4.235e-01,5.831e-01
NCT00277264,gengamma,mu,7.144e+00,5.713e-01
NCT00277264,gengamma,sigma,1.374e+00,8.765e-02
NCT00277264,gengamma,Q,-1.075e+00,5.269e-01
NCT00321854,gengamma,mu,7.104e+00,2.587e-01
NCT00321854,gengamma,sigma,8.172e-01,1.628e-01
NCT00321854,gengamma,Q,-3.218e-01,4.739e-01
NCT00384930,gengamma,mu,6.736e+00,2.655e-01
NCT00384930,gengamma,sigma,9.793e-01,2.441e-01
NCT00384930,gengamma,Q,-5.331e-01,6.685e-01
NCT00402233,gengamma,mu,4.706e+00,9.495e-01
NCT00402233,gengamma,sigma,1.326e+00,1.381e-01
NCT00402233,gengamma,Q,-4.004e+00,1.455e+00
NCT00466167,gengamma,mu,8.239e+00,3.915e-01
NCT00466167,gengamma,sigma,-4.295e-01,1.160e-01
NCT00466167,gengamma,Q,2.427e+00,2.015e-02
NCT00472199,gengamma,mu,5.479e+00,6.232e-01
NCT00472199,gengamma,sigma,1.190e+00,8.420e-02
NCT00472199,gengamma,Q,-1.392e+00,5.937e-01
NCT00479401,gengamma,mu,8.215e+00,5.956e-01
NCT00479401,gengamma,sigma,1.386e+00,2.650e-01
NCT00479401,gengamma,Q,-5.494e-01,8.212e-01
NCT00525512,gengamma,mu,7.927e+00,2.300e-01
NCT00525512,gengamma,sigma,8.983e-01,1.914e-01
NCT00525512,gengamma,Q,1.893e-01,3.889e-01
NCT00563381,gengamma,mu,8.582e+00,1.566e-01
NCT00563381,gengamma,sigma,1.352e+00,6.737e-02
NCT00563381,gengamma,Q,-6.561e-01,2.184e-01
NCT00601250,gengamma,mu,8.106e+00,4.478e-01
NCT00601250,gengamma,sigma,-3.949e-01,1.124e-01
NCT00601250,gengamma,Q,1.854e+00,5.135e-02
NCT00602472,gengamma,mu,8.258e+00,8.384e-01
NCT00602472,gengamma,sigma,5.242e-01,7.061e-01
NCT00602472,gengamma,Q,4.598e-01,8.058e-01
NCT00622284,gengamma,mu,8.563e+00,1.519e-01
NCT00622284,gengamma,sigma,9.440e-01,1.486e-01
NCT00622284,gengamma,Q,6.270e-02,2.983e-01
NCT00641043,gengamma,mu,8.398e+00,1.255e+00
NCT00641043,gengamma,sigma,-2.860e-01,1.081e+01
NCT00641043,gengamma,Q,1.960e+00,2.119e+01
NCT00654381,gengamma,mu,5.499e+00,4.681e-01
NCT00654381,gengamma,sigma,-3.681e-01,9.832e-01
NCT00654381,gengamma,Q,-1.545e+01,1.782e+01
NCT00734474,gengamma,mu,7.332e+00,9.814e-02
NCT00734474,gengamma,sigma,4.327e-01,1.448e-01
NCT00734474,gengamma,Q,5.569e-01,2.600e-01
NCT00740051,gengamma,mu,7.344e+00,3.079e-01
NCT00740051,gengamma,sigma,6.738e-01,3.479e-01
NCT00740051,gengamma,Q,-8.096e-02,7.565e-01
NCT00772538,gengamma,mu,9.266e+00,6.510e-01
NCT00772538,gengamma,sigma,4.363e-02,2.427e+00
NCT00772538,gengamma,Q,1.607e+00,3.911e+00
NCT00776984,gengamma,mu,8.203e+00,3.582e-01
NCT00776984,gengamma,sigma,8.034e-01,5.016e-01
NCT00776984,gengamma,Q,-2.817e-01,1.055e+00
NCT00782210,gengamma,mu,8.298e+00,2.877e-01
NCT00782210,gengamma,sigma,8.897e-01,3.418e-01
NCT00782210,gengamma,Q,2.783e-01,5.537e-01
NCT00782509,gengamma,mu,8.343e+00,2.921e-01
NCT00782509,gengamma,sigma,-3.341e-01,9.104e-02
NCT00782509,gengamma,Q,2.162e+00,2.290e-02
NCT00793624,gengamma,mu,8.304e+00,2.956e-01
NCT00793624,gengamma,sigma,1.184e+00,2.077e-01
NCT00793624,gengamma,Q,-2.945e-01,5.160e-01
NCT00798161,gengamma,mu,8.291e+00,3.582e-01
NCT00798161,gengamma,sigma,1.189e+00,3.346e-01
NCT00798161,gengamma,Q,-3.782e-01,7.873e-01
NCT00800683,gengamma,mu,7.447e+00,3.781e-01
NCT00800683,gengamma,sigma,6.441e-01,4.599e-01
NCT00800683,gengamma,Q,3.876e-01,7.555e-01
NCT00848081,gengamma,mu,5.933e+00,1.143e+00
NCT00848081,gengamma,sigma,1.164e+00,1.786e-01
NCT00848081,gengamma,Q,-2.125e+00,1.741e+00
NCT00855582,gengamma,mu,6.636e+00,2.919e-01
NCT00855582,gengamma,sigma,-6.219e-01,1.037e-01
NCT00855582,gengamma,Q,2.124e+00,3.392e-02
NCT00861757,gengamma,mu,4.341e+00,7.433e-01
NCT00861757,gengamma,sigma,1.128e+00,1.715e-01
NCT00861757,gengamma,Q,-6.362e+00,2.159e+00
NCT00915772,gengamma,mu,7.418e+00,1.691e-01
NCT00915772,gengamma,sigma,-5.814e-01,7.703e-02
NCT00915772,gengamma,Q,1.909e+00,3.513e-02
NCT00926289,gengamma,mu,6.328e+00,1.356e+00
NCT00926289,gengamma,sigma,1.670e+00,1.205e-01
NCT00926289,gengamma,Q,-3.248e+00,1.707e+00
NCT00954447,gengamma,mu,9.129e+00,2.578e-01
NCT00954447,gengamma,sigma,1.063e+00,2.333e-01
NCT00954447,gengamma,Q,-1.507e-01,4.578e-01
NCT00970632,gengamma,mu,6.159e+00,2.564e-01
NCT00970632,gengamma,sigma,-9.243e-01,1.153e-01
NCT00970632,gengamma,Q,2.110e+00,4.497e-02
NCT00975195,gengamma,mu,7.781e+00,1.041e-01
NCT00975195,gengamma,sigma,-5.678e-01,4.174e-02
NCT00975195,gengamma,Q,2.276e+00,1.204e-02
NCT00996658,gengamma,mu,7.246e+00,4.244e-01
NCT00996658,gengamma,sigma,-1.119e+00,1.723e-01
NCT00996658,gengamma,Q,3.181e+00,3.339e-02
NCT01064687,gengamma,mu,8.410e+00,2.735e-01
NCT01064687,gengamma,sigma,-5.351e-01,8.687e-02
NCT01064687,gengamma,Q,2.146e+00,2.488e-02
NCT01075282,gengamma,mu,9.347e+00,4.420e-01
NCT01075282,gengamma,sigma,-2.290e-01,3.204e+00
NCT01075282,gengamma,Q,1.902e+00,6.092e+00
NCT01084005,gengamma,mu,7.863e+00,1.125e+00
NCT01084005,gengamma,sigma,6.668e-01,1.375e+00
NCT01084005,gengamma,Q,7.396e-02,2.108e+00
NCT01087502,gengamma,mu,7.504e+00,3.258e-01
NCT01087502,gengamma,sigma,3.656e-02,7.510e-01
NCT01087502,gengamma,Q,1.129e+00,1.014e+00
NCT01126437,gengamma,mu,8.658e+00,1.105e-01
NCT01126437,gengamma,sigma,-3.230e-01,5.665e-01
NCT01126437,gengamma,Q,2.151e+00,1.220e+00
NCT01126580,gengamma,mu,8.043e+00,2.943e-01
NCT01126580,gengamma,sigma,1.019e+00,2.480e-01
NCT01126580,gengamma,Q,-3.797e-01,6.564e-01
NCT01131676,gengamma,mu,7.492e+00,6.044e-02
NCT01131676,gengamma,sigma,-5.158e-01,2.212e-01
NCT01131676,gengamma,Q,1.661e+00,4.190e-01
NCT01159600,gengamma,mu,9.217e+00,8.612e-01
NCT01159600,gengamma,sigma,8.678e-01,5.580e-01
NCT01159600,gengamma,Q,3.525e-01,6.783e-01
NCT01164501,gengamma,mu,8.968e+00,3.531e-01
NCT01164501,gengamma,sigma,1.080e+00,3.318e-01
NCT01164501,gengamma,Q,-2.242e-01,6.743e-01
NCT01167881,gengamma,mu,9.287e+00,5.937e-01
NCT01167881,gengamma,sigma,1.658e+00,6.530e-02
NCT01167881,gengamma,Q,-1.732e+00,4.743e-01
NCT01177813,gengamma,mu,7.544e+00,2.911e+01
NCT01177813,gengamma,sigma,-8.439e-01,1.474e+02
NCT01177813,gengamma,Q,2.714e+00,4.000e+02
NCT01191268,gengamma,mu,7.142e+00,7.317e-01
NCT01191268,gengamma,sigma,1.329e+00,7.615e-02
NCT01191268,gengamma,Q,-1.753e+00,7.621e-01
NCT01191944,gengamma,mu,9.569e+00,8.994e+00
NCT01191944,gengamma,sigma,-3.739e-01,2.591e+01
NCT01191944,gengamma,Q,2.887e+00,7.480e+01
NCT01194830,gengamma,mu,6.583e+00,6.412e-01
NCT01194830,gengamma,sigma,1.110e+00,2.541e-01
NCT01194830,gengamma,Q,-5.598e-01,8.813e-01
NCT01204294,gengamma,mu,9.264e+00,6.012e-01
NCT01204294,gengamma,sigma,-2.738e-01,1.251e-01
NCT01204294,gengamma,Q,1.761e+00,7.318e-02
NCT01210001,gengamma,mu,8.319e+00,5.590e-01
NCT01210001,gengamma,sigma,-2.199e-01,3.077e+00
NCT01210001,gengamma,Q,1.725e+00,5.306e+00
NCT01214239,gengamma,mu,8.428e+00,7.781e-01
NCT01214239,gengamma,sigma,9.361e-01,6.363e-01
NCT01214239,gengamma,Q,-1.111e-02,1.025e+00
NCT01306214,gengamma,mu,7.624e+00,3.972e-01
NCT01306214,gengamma,sigma,-2.351e-01,1.545e+00
NCT01306214,gengamma,Q,1.319e+00,2.161e+00
NCT01335464,gengamma,mu,7.315e+00,1.635e-01
NCT01335464,gengamma,sigma,-4.222e-01,7.161e-02
NCT01335464,gengamma,Q,1.731e+00,3.862e-02
NCT01335477,gengamma,mu,7.474e+00,2.135e-01
NCT01335477,gengamma,sigma,1.729e-01,4.500e-01
NCT01335477,gengamma,Q,9.294e-01,5.941e-01
NCT01368081,gengamma,mu,8.601e+00,2.050e+01
NCT01368081,gengamma,sigma,-9.212e-01,9.964e+01
NCT01368081,gengamma,Q,2.954e+00,2.943e+02
NCT01370005,gengamma,mu,7.996e+00,1.340e+00
NCT01370005,gengamma,sigma,1.444e+00,4.593e-01
NCT01370005,gengamma,Q,-1.987e+00,2.625e+00
NCT01422876,gengamma,mu,8.337e+00,2.879e-01
NCT01422876,gengamma,sigma,-2.119e-02,9.803e-01
NCT01422876,gengamma,Q,1.443e+00,1.453e+00
NCT01558271,gengamma,mu,9.673e+00,1.895e+01
NCT01558271,gengamma,sigma,-3.201e-01,7.310e+01
NCT01558271,gengamma,Q,2.400e+00,1.755e+02
NCT01621178,gengamma,mu,8.319e+00,2.886e-01
NCT01621178,gengamma,sigma,-3.583e-01,9.352e-02
NCT01621178,gengamma,Q,2.192e+00,2.358e-02
NCT01624259,gengamma,mu,9.094e+00,1.542e+00
NCT01624259,gengamma,sigma,1.563e+00,4.408e-01
NCT01624259,gengamma,Q,-1.657e+00,2.311e+00
NCT01694771,gengamma,mu,7.309e+00,9.703e-01
NCT01694771,gengamma,sigma,3.837e-01,9.147e-01
NCT01694771,gengamma,Q,5.050e-01,1.015e+00
NCT01708902,gengamma,mu,8.579e+00,4.682e-01
NCT01708902,gengamma,sigma,-2.100e-01,1.082e-01
NCT01708902,gengamma,Q,1.960e+00,3.220e-02
NCT01719003,gengamma,mu,8.607e+00,3.610e-01
NCT01719003,gengamma,sigma,-7.603e-02,3.659e+00
NCT01719003,gengamma,Q,1.729e+00,6.335e+00
NCT01769378,gengamma,mu,2.677e+00,7.136e-02
NCT01769378,gengamma,sigma,-7.370e-01,9.604e-01
NCT01769378,gengamma,Q,-6.220e+01,5.851e+01
NCT02152371,gengamma,mu,6.774e+00,2.139e+00
NCT02152371,gengamma,sigma,1.633e+00,1.499e-01
NCT02152371,gengamma,Q,-3.537e+00,2.510e+00
NCT02172287,gengamma,mu,7.694e+00,7.073e-01
NCT02172287,gengamma,sigma,1.442e+00,2.175e-01
NCT02172287,gengamma,Q,-7.210e-01,8.172e-01
NCT02172586,gengamma,mu,7.515e+00,3.857e-01
NCT02172586,gengamma,sigma,-4.290e-01,1.247e-01
NCT02172586,gengamma,Q,2.046e+00,4.096e-02
NCT02175355,gengamma,mu,6.632e+00,3.951e-01
NCT02175355,gengamma,sigma,8.459e-01,4.772e-01
NCT02175355,gengamma,Q,-4.941e-01,1.006e+00
NCT02177344,gengamma,mu,8.782e+00,4.633e-01
NCT02177344,gengamma,sigma,-3.232e-01,1.165e-01
NCT02177344,gengamma,Q,2.646e+00,2.219e-02
NCT02177396,gengamma,mu,7.373e+00,7.481e-01
NCT02177396,gengamma,sigma,1.252e+00,5.409e-01
NCT02177396,gengamma,Q,-9.791e-01,1.744e+00
NCT02177461,gengamma,mu,6.260e+00,1.734e-01
NCT02177461,gengamma,sigma,4.725e-01,2.156e-01
NCT02177461,gengamma,Q,2.851e-01,3.819e-01
NCT02183064,gengamma,mu,8.641e+00,1.353e+00
NCT02183064,gengamma,sigma,1.877e+00,1.139e-01
NCT02183064,gengamma,Q,-2.345e+00,1.151e+00
NCT02200653,gengamma,mu,7.262e+00,3.532e+01
NCT02200653,gengamma,sigma,-1.516e+00,2.360e+02
NCT02200653,gengamma,Q,4.951e+00,1.169e+03
NCT02240680,gengamma,mu,1.036e+01,1.708e+00
NCT02240680,gengamma,sigma,1.148e+00,9.313e-01
NCT02240680,gengamma,Q,1.932e-01,1.259e+00
NCT02489968,gengamma,mu,9.306e+00,1.669e+00
NCT02489968,gengamma,sigma,1.581e+00,3.890e-01
NCT02489968,gengamma,Q,-1.986e+00,2.374e+00
NCT02750410,gengamma,mu,8.122e+00,1.923e+00
NCT02750410,gengamma,sigma,1.329e+00,3.753e-01
NCT02750410,gengamma,Q,-1.728e+00,2.606e+00
NCT00034840,gompertz,shape,6.159e-03,1.055e-02
NCT00034840,gompertz,rate,-6.922e+00,3.632e-01
NCT00051558,gompertz,shape,-7.952e-04,2.427e-04
NCT00051558,gompertz,rate,-7.170e+00,1.264e-01
NCT00125918,gompertz,shape,2.068e-03,3.815e-03
NCT00125918,gompertz,rate,-6.632e+00,2.531e-01
NCT00152984,gompertz,shape,-1.308e-02,1.030e-02
NCT00152984,gompertz,rate,-7.313e+00,4.387e-01
NCT00153023,gompertz,shape,-5.413e-03,8.181e-04
NCT00153023,gompertz,rate,-6.638e+00,1.257e-01
NCT00153088,gompertz,shape,-1.125e-03,6.225e-04
NCT00153088,gompertz,rate,-7.703e+00,1.842e-01
NCT00168831,gompertz,shape,-5.147e-03,7.010e-04
NCT00168831,gompertz,rate,-6.309e+00,1.027e-01
NCT00168844,gompertz,shape,-5.405e-03,7.989e-04
NCT00168844,gompertz,rate,-6.541e+00,1.164e-01
NCT00168857,gompertz,shape,-1.729e-03,7.317e-04
NCT00168857,gompertz,rate,-7.093e+00,1.381e-01
NCT00239421,gompertz,shape,-6.444e-04,1.524e-02
NCT00239421,gompertz,rate,-6.938e+00,3.904e-01
NCT00274014,gompertz,shape,-2.661e-03,6.498e-04
NCT00274014,gompertz,rate,-6.661e+00,1.101e-01
NCT00274053,gompertz,shape,-5.512e-03,1.318e-03
NCT00274053,gompertz,rate,-6.466e+00,1.607e-01
NCT00274079,gompertz,shape,-1.405e-02,6.188e-03
NCT00274079,gompertz,rate,-5.881e+00,2.453e-01
NCT00274547,gompertz,shape,-7.826e-03,1.026e-03
NCT00274547,gompertz,rate,-6.012e+00,8.539e-02
NCT00274560,gompertz,shape,-1.134e-02,5.016e-03
NCT00274560,gompertz,rate,-6.188e+00,2.134e-01
NCT00274573,gompertz,shape,-1.922e-02,2.599e-03
NCT00274573,gompertz,rate,-5.355e+00,9.752e-02
NCT00274599,gompertz,shape,-8.834e-03,3.793e-03
NCT00274599,gompertz,rate,-6.356e+00,1.902e-01
NCT00274612,gompertz,shape,-2.775e-03,3.766e-03
NCT00274612,gompertz,rate,-6.703e+00,2.095e-01
NCT00277264,gompertz,shape,-6.759e-03,8.039e-04
NCT00277264,gompertz,rate,-6.183e+00,1.072e-01
NCT00321854,gompertz,shape,-2.368e-03,7.304e-04
NCT00321854,gompertz,rate,-6.710e+00,1.432e-01
NCT00384930,gompertz,shape,-6.726e-03,3.256e-03
NCT00384930,gompertz,rate,-6.104e+00,1.504e-01
NCT00402233,gompertz,shape,-2.353e-02,7.434e-03
NCT00402233,gompertz,rate,-5.672e+00,2.664e-01
NCT00466167,gompertz,shape,-8.163e-03,2.085e-03
NCT00466167,gompertz,rate,-6.583e+00,1.991e-01
NCT00472199,gompertz,shape,-1.473e-02,2.375e-03
NCT00472199,gompertz,rate,-5.224e+00,1.570e-01
NCT00479401,gompertz,shape,-9.608e-03,1.719e-03
NCT00479401,gompertz,rate,-6.149e+00,1.617e-01
NCT00525512,gompertz,shape,-2.400e-03,4.406e-04
NCT00525512,gompertz,rate,-6.804e+00,1.298e-01
NCT00563381,gompertz,shape,-5.644e-03,3.040e-04
NCT00563381,gompertz,rate,-6.737e+00,4.598e-02
NCT00601250,gompertz,shape,-4.067e-03,2.843e-03
NCT00601250,gompertz,rate,-7.401e+00,2.558e-01
NCT00602472,gompertz,shape,-1.018e-03,2.305e-03
NCT00602472,gompertz,rate,-7.637e+00,2.208e-01
NCT00622284,gompertz,shape,-1.916e-03,2.662e-04
NCT00622284,gompertz,rate,-7.314e+00,8.910e-02
NCT00641043,gompertz,shape,-6.293e-03,3.664e-03
NCT00641043,gompertz,rate,-7.068e+00,3.067e-01
NCT00654381,gompertz,shape,8.109e-03,2.135e-03
NCT00654381,gompertz,rate,-1.056e+01,5.800e-01
NCT00734474,gompertz,shape,-8.817e-04,2.349e-04
NCT00734474,gompertz,rate,-6.975e+00,8.461e-02
NCT00740051,gompertz,shape,-1.308e-03,1.352e-03
NCT00740051,gompertz,rate,-7.064e+00,2.590e-01
NCT00772538,gompertz,shape,-3.942e-03,1.583e-03
NCT00772538,gompertz,rate,-7.475e+00,2.536e-01
NCT00776984,gompertz,shape,-5.544e-05,1.429e-03
NCT00776984,gompertz,rate,-7.940e+00,2.746e-01
NCT00782210,gompertz,shape,-3.648e-03,9.844e-04
NCT00782210,gompertz,rate,-6.819e+00,1.574e-01
NCT00782509,gompertz,shape,-4.556e-03,1.101e-03
NCT00782509,gompertz,rate,-6.934e+00,1.687e-01
NCT00793624,gompertz,shape,-5.547e-03,8.734e-04
NCT00793624,gompertz,rate,-6.598e+00,1.255e-01
NCT00798161,gompertz,shape,-7.416e-03,2.116e-03
NCT00798161,gompertz,rate,-6.575e+00,1.720e-01
NCT00800683,gompertz,shape,-2.802e-03,1.683e-03
NCT00800683,gompertz,rate,-6.627e+00,2.968e-01
NCT00848081,gompertz,shape,-3.130e-03,6.794e-03
NCT00848081,gompertz,rate,-6.429e+00,3.166e-01
NCT00855582,gompertz,shape,-1.334e-02,4.987e-03
NCT00855582,gompertz,rate,-6.032e+00,2.071e-01
NCT00861757,gompertz,shape,-5.456e-03,5.818e-03
NCT00861757,gompertz,rate,-6.707e+00,2.667e-01
NCT00915772,gompertz,shape,1.213e-04,8.727e-04
NCT00915772,gompertz,rate,-7.494e+00,1.869e-01
NCT00926289,gompertz,shape,-2.553e-02,9.671e-03
NCT00926289,gompertz,rate,-6.024e+00,2.273e-01
NCT00954447,gompertz,shape,-3.067e-03,5.829e-04
NCT00954447,gompertz,rate,-7.450e+00,1.279e-01
NCT00970632,gompertz,shape,5.693e-03,5.327e-03
NCT00970632,gompertz,rate,-6.935e+00,2.839e-01
NCT00975195,gompertz,shape,-2.371e-03,4.549e-04
NCT00975195,gompertz,rate,-7.091e+00,8.289e-02
NCT00996658,gompertz,shape,-1.640e-03,3.702e-03
NCT00996658,gompertz,rate,-7.152e+00,3.468e-01
NCT01064687,gompertz,shape,-2.076e-03,9.459e-04
NCT01064687,gompertz,rate,-7.727e+00,1.776e-01
NCT01075282,gompertz,shape,-2.036e-03,7.133e-04
NCT01075282,gompertz,rate,-8.006e+00,1.912e-01
NCT01084005,gompertz,shape,2.325e-03,4.525e-03
NCT01084005,gompertz,rate,-7.714e+00,4.535e-01
NCT01087502,gompertz,shape,-1.150e-03,1.358e-03
NCT01087502,gompertz,rate,-7.125e+00,2.614e-01
NCT01126437,gompertz,shape,-1.246e-03,6.732e-05
NCT01126437,gompertz,rate,-7.601e+00,2.760e-02
NCT01126580,gompertz,shape,-2.530e-03,8.198e-04
NCT01126580,gompertz,rate,-7.125e+00,1.486e-01
NCT01131676,gompertz,shape,5.599e-04,1.069e-04
NCT01131676,gompertz,rate,-7.803e+00,8.744e-02
NCT01159600,gompertz,shape,-6.264e-03,2.103e-03
NCT01159600,gompertz,rate,-7.190e+00,1.771e-01
NCT01164501,gompertz,shape,-3.513e-03,1.041e-03
NCT01164501,gompertz,rate,-7.355e+00,1.801e-01
NCT01167881,gompertz,shape,-2.731e-03,2.285e-04
NCT01167881,gompertz,rate,-7.643e+00,9.565e-02
NCT01177813,gompertz,shape,-4.268e-03,2.139e-03
NCT01177813,gompertz,rate,-7.011e+00,1.880e-01
NCT01191268,gompertz,shape,-4.040e-03,8.054e-04
NCT01191268,gompertz,rate,-6.884e+00,1.341e-01
NCT01191944,gompertz,shape,-2.313e-02,5.547e-03
NCT01191944,gompertz,rate,-6.246e+00,2.581e-01
NCT01194830,gompertz,shape,-1.032e-02,3.096e-03
NCT01194830,gompertz,rate,-5.645e+00,2.244e-01
NCT01204294,gompertz,shape,-2.937e-03,1.640e-03
NCT01204294,gompertz,rate,-8.145e+00,2.945e-01
NCT01210001,gompertz,shape,-3.062e-03,3.257e-03
NCT01210001,gompertz,rate,-7.399e+00,2.980e-01
NCT01214239,gompertz,shape,-6.890e-03,3.917e-03
NCT01214239,gompertz,rate,-6.892e+00,3.226e-01
NCT01306214,gompertz,shape,5.229e-05,1.017e-03
NCT01306214,gompertz,rate,-7.695e+00,2.105e-01
NCT01335464,gompertz,shape,-7.989e-04,8.968e-04
NCT01335464,gompertz,rate,-7.136e+00,1.756e-01
NCT01335477,gompertz,shape,-1.152e-03,8.746e-04
NCT01335477,gompertz,rate,-7.082e+00,1.680e-01
NCT01368081,gompertz,shape,-3.159e-04,9.735e-04
NCT01368081,gompertz,rate,-8.289e+00,1.993e-01
NCT01370005,gompertz,shape,1.486e-03,6.737e-03
NCT01370005,gompertz,rate,-7.652e+00,3.387e-01
NCT01422876,gompertz,shape,-2.405e-03,7.019e-04
NCT01422876,gompertz,rate,-7.378e+00,1.286e-01
NCT01558271,gompertz,shape,-3.977e-03,1.496e-03
NCT01558271,gompertz,rate,-7.604e+00,2.539e-01
NCT01621178,gompertz,shape,-3.998e-03,1.029e-03
NCT01621178,gompertz,rate,-6.984e+00,1.738e-01
NCT01624259,gompertz,shape,-4.120e-03,3.139e-03
NCT01624259,gompertz,rate,-7.612e+00,2.988e-01
NCT01694771,gompertz,shape,3.356e-03,4.525e-03
NCT01694771,gompertz,rate,-7.259e+00,2.331e-01
NCT01708902,gompertz,shape,-1.275e-02,2.842e-03
NCT01708902,gompertz,rate,-6.612e+00,2.001e-01
NCT01719003,gompertz,shape,-7.420e-03,1.933e-03
NCT01719003,gompertz,rate,-6.942e+00,1.573e-01
NCT01769378,gompertz,shape,-8.321e-03,4.377e-03
NCT01769378,gompertz,rate,-6.990e+00,3.475e-01
NCT02152371,gompertz,shape,-8.078e-03,3.608e-03
NCT02152371,gompertz,rate,-6.952e+00,3.232e-01
NCT02172287,gompertz,shape,-1.203e-02,2.114e-03
NCT02172287,gompertz,rate,-5.845e+00,1.493e-01
NCT02172586,gompertz,shape,-5.000e-03,2.934e-03
NCT02172586,gompertz,rate,-6.700e+00,2.567e-01
NCT02175355,gompertz,shape,6.641e-03,1.012e-02
NCT02175355,gompertz,rate,-6.636e+00,2.542e-01
NCT02177344,gompertz,shape,-2.498e-02,3.413e-03
NCT02177344,gompertz,rate,-5.742e+00,1.677e-01
NCT02177396,gompertz,shape,-1.216e-02,1.094e-02
NCT02177396,gompertz,rate,-6.252e+00,3.210e-01
NCT02177461,gompertz,shape,-3.426e-03,1.958e-03
NCT02177461,gompertz,rate,-5.976e+00,1.733e-01
NCT02183064,gompertz,shape,-1.330e-02,2.093e-03
NCT02183064,gompertz,rate,-6.619e+00,1.506e-01
NCT02200653,gompertz,shape,3.305e-04,1.402e-02
NCT02200653,gompertz,rate,-7.099e+00,4.659e-01
NCT02240680,gompertz,shape,-7.933e-03,3.126e-03
NCT02240680,gompertz,rate,-7.156e+00,3.231e-01
NCT02489968,gompertz,shape,-3.117e-03,2.198e-03
NCT02489968,gompertz,rate,-8.071e+00,3.360e-01
NCT02750410,gompertz,shape,-2.590e-03,2.373e-03
NCT02750410,gompertz,rate,-7.643e+00,4.304e-01
NCT00034840,llogis,shape,1.025e-01,1.738e-01
NCT00034840,llogis,scale,6.448e+00,4.540e-01
NCT00051558,llogis,shape,-9.293e-02,6.592e-02
NCT00051558,llogis,scale,7.307e+00,1.127e-01
NCT00125918,llogis,shape,1.450e-01,1.211e-01
NCT00125918,llogis,scale,6.196e+00,2.213e-01
NCT00152984,llogis,shape,-3.698e-01,2.479e-01
NCT00152984,llogis,scale,9.308e+00,1.263e+00
NCT00153023,llogis,shape,-4.226e-01,7.363e-02
NCT00153023,llogis,scale,8.118e+00,2.206e-01
NCT00153088,llogis,shape,-1.369e-01,1.020e-01
NCT00153088,llogis,scale,8.142e+00,2.434e-01
NCT00168831,llogis,shape,-3.804e-01,5.857e-02
NCT00168831,llogis,scale,7.401e+00,1.503e-01
NCT00168844,llogis,shape,-4.044e-01,6.744e-02
NCT00168844,llogis,scale,7.885e+00,1.932e-01
NCT00168857,llogis,shape,-1.973e-01,7.228e-02
NCT00168857,llogis,scale,7.587e+00,1.678e-01
NCT00239421,llogis,shape,3.940e-02,1.972e-01
NCT00239421,llogis,scale,6.810e+00,6.308e-01
NCT00274014,llogis,shape,-1.650e-01,5.882e-02
NCT00274014,llogis,scale,7.128e+00,1.220e-01
NCT00274053,llogis,shape,-1.844e-01,9.090e-02
NCT00274053,llogis,scale,7.265e+00,2.111e-01
NCT00274079,llogis,shape,-2.225e-01,1.363e-01
NCT00274079,llogis,scale,6.806e+00,3.894e-01
NCT00274547,llogis,shape,-2.726e-01,4.804e-02
NCT00274547,llogis,scale,6.919e+00,1.182e-01
NCT00274560,llogis,shape,-3.200e-01,1.171e-01
NCT00274560,llogis,scale,7.384e+00,3.945e-01
NCT00274573,llogis,shape,-2.910e-01,5.587e-02
NCT00274573,llogis,scale,6.454e+00,1.496e-01
NCT00274599,llogis,shape,-1.497e-01,1.035e-01
NCT00274599,llogis,scale,7.039e+00,2.916e-01
NCT00274612,llogis,shape,1.665e-02,1.074e-01
NCT00274612,llogis,scale,6.745e+00,2.617e-01
NCT00277264,llogis,shape,-4.498e-01,6.331e-02
NCT00277264,llogis,scale,7.604e+00,1.778e-01
NCT00321854,llogis,shape,-6.644e-02,7.687e-02
NCT00321854,llogis,scale,7.032e+00,1.411e-01
NCT00384930,llogis,shape,-8.543e-03,7.972e-02
NCT00384930,llogis,scale,6.315e+00,1.784e-01
NCT00402233,llogis,shape,-1.982e-01,1.580e-01
NCT00402233,llogis,scale,6.852e+00,4.514e-01
NCT00466167,llogis,shape,-3.810e-01,1.173e-01
NCT00466167,llogis,scale,8.141e+00,3.892e-01
NCT00472199,llogis,shape,-3.442e-01,9.400e-02
NCT00472199,llogis,scale,6.400e+00,2.244e-01
NCT00479401,llogis,shape,-4.699e-01,9.670e-02
NCT00479401,llogis,scale,7.860e+00,3.086e-01
NCT00525512,llogis,shape,-3.420e-01,7.269e-02
NCT00525512,llogis,scale,7.638e+00,1.686e-01
NCT00563381,llogis,shape,-3.950e-01,2.717e-02
NCT00563381,llogis,scale,8.258e+00,8.289e-02
NCT00601250,llogis,shape,-1.843e-01,1.372e-01
NCT00601250,llogis,scale,8.207e+00,4.604e-01
NCT00602472,llogis,shape,-1.454e-02,1.118e-01
NCT00602472,llogis,scale,7.721e+00,3.165e-01
NCT00622284,llogis,shape,-2.955e-01,4.974e-02
NCT00622284,llogis,scale,8.207e+00,1.212e-01
NCT00641043,llogis,shape,-3.444e-01,1.704e-01
NCT00641043,llogis,scale,8.490e+00,6.367e-01
NCT00654381,llogis,shape,1.084e+00,1.821e-01
NCT00654381,llogis,scale,6.847e+00,1.879e-01
NCT00734474,llogis,shape,-6.063e-02,4.361e-02
NCT00734474,llogis,scale,7.051e+00,7.208e-02
NCT00740051,llogis,shape,3.725e-02,1.329e-01
NCT00740051,llogis,scale,7.105e+00,2.365e-01
NCT00772538,llogis,shape,-4.692e-01,1.437e-01
NCT00772538,llogis,scale,9.334e+00,5.732e-01
NCT00776984,llogis,shape,1.172e-01,1.357e-01
NCT00776984,llogis,scale,7.656e+00,2.887e-01
NCT00782210,llogis,shape,-3.268e-01,8.719e-02
NCT00782210,llogis,scale,7.824e+00,2.354e-01
NCT00782509,llogis,shape,-3.517e-01,9.633e-02
NCT00782509,llogis,scale,8.231e+00,2.902e-01
NCT00793624,llogis,shape,-3.600e-01,7.306e-02
NCT00793624,llogis,scale,7.901e+00,2.057e-01
NCT00798161,llogis,shape,-2.519e-01,9.655e-02
NCT00798161,llogis,scale,7.619e+00,2.844e-01
NCT00800683,llogis,shape,-1.722e-01,1.598e-01
NCT00800683,llogis,scale,7.127e+00,3.291e-01
NCT00848081,llogis,shape,1.097e-01,1.610e-01
NCT00848081,llogis,scale,6.274e+00,3.444e-01
NCT00855582,llogis,shape,-5.708e-02,1.152e-01
NCT00855582,llogis,scale,6.589e+00,2.891e-01
NCT00861757,llogis,shape,1.041e-01,1.392e-01
NCT00861757,llogis,scale,6.637e+00,3.391e-01
NCT00915772,llogis,shape,3.782e-02,9.116e-02
NCT00915772,llogis,scale,7.313e+00,1.696e-01
NCT00926289,llogis,shape,-1.342e-01,1.287e-01
NCT00926289,llogis,scale,6.923e+00,4.259e-01
NCT00954447,llogis,shape,-2.403e-01,7.394e-02
NCT00954447,llogis,scale,8.510e+00,2.111e-01
NCT00970632,llogis,shape,2.348e-01,1.331e-01
NCT00970632,llogis,scale,6.168e+00,2.593e-01
NCT00975195,llogis,shape,-1.492e-01,4.456e-02
NCT00975195,llogis,scale,7.622e+00,1.024e-01
NCT00996658,llogis,shape,2.798e-02,1.776e-01
NCT00996658,llogis,scale,7.168e+00,4.168e-01
NCT01064687,llogis,shape,-1.731e-01,9.527e-02
NCT01064687,llogis,scale,8.425e+00,2.763e-01
NCT01075282,llogis,shape,-3.628e-01,1.061e-01
NCT01075282,llogis,scale,9.400e+00,3.752e-01
NCT01084005,llogis,shape,1.176e-01,2.134e-01
NCT01084005,llogis,scale,7.209e+00,4.975e-01
NCT01087502,llogis,shape,-7.246e-02,1.343e-01
NCT01087502,llogis,scale,7.306e+00,2.700e-01
NCT01126437,llogis,shape,-3.212e-01,1.510e-02
NCT01126437,llogis,scale,8.422e+00,3.777e-02
NCT01126580,llogis,shape,-1.470e-01,8.035e-02
NCT01126580,llogis,scale,7.691e+00,1.878e-01
NCT01131676,llogis,shape,2.893e-01,4.073e-02
NCT01131676,llogis,scale,7.131e+00,4.708e-02
NCT01159600,llogis,shape,-2.717e-01,9.854e-02
NCT01159600,llogis,scale,8.415e+00,3.558e-01
NCT01164501,llogis,shape,-2.071e-01,1.012e-01
NCT01164501,llogis,scale,8.301e+00,2.879e-01
NCT01167881,llogis,shape,-5.536e-01,6.121e-02
NCT01167881,llogis,scale,1.006e+01,2.255e-01
NCT01177813,llogis,shape,-9.472e-02,1.008e-01
NCT01177813,llogis,scale,7.506e+00,2.738e-01
NCT01191268,llogis,shape,-2.524e-01,7.584e-02
NCT01191268,llogis,scale,7.855e+00,1.958e-01
NCT01191944,llogis,shape,-6.426e-01,1.629e-01
NCT01191944,llogis,scale,9.575e+00,8.515e-01
NCT01194830,llogis,shape,-2.780e-01,1.280e-01
NCT01194830,llogis,scale,6.576e+00,3.002e-01
NCT01204294,llogis,shape,-2.588e-01,1.640e-01
NCT01204294,llogis,scale,9.395e+00,6.227e-01
NCT01210001,llogis,shape,-2.876e-01,1.575e-01
NCT01210001,llogis,scale,8.438e+00,5.721e-01
NCT01214239,llogis,shape,-1.318e-01,1.807e-01
NCT01214239,llogis,scale,7.673e+00,5.212e-01
NCT01306214,llogis,shape,3.294e-02,1.033e-01
NCT01306214,llogis,scale,7.548e+00,2.116e-01
NCT01335464,llogis,shape,-5.627e-03,8.849e-02
NCT01335464,llogis,scale,7.156e+00,1.633e-01
NCT01335477,llogis,shape,-6.021e-02,8.607e-02
NCT01335477,llogis,scale,7.236e+00,1.683e-01
NCT01368081,llogis,shape,-1.224e-01,1.002e-01
NCT01368081,llogis,scale,8.622e+00,3.028e-01
NCT01370005,llogis,shape,1.748e-01,1.665e-01
NCT01370005,llogis,scale,7.063e+00,4.616e-01
NCT01422876,llogis,shape,-2.739e-01,6.989e-02
NCT01422876,llogis,scale,8.283e+00,2.019e-01
NCT01558271,llogis,shape,-5.096e-01,1.460e-01
NCT01558271,llogis,scale,9.727e+00,6.272e-01
NCT01621178,llogis,shape,-3.365e-01,9.851e-02
NCT01621178,llogis,scale,8.186e+00,2.858e-01
NCT01624259,llogis,shape,-1.079e-01,1.615e-01
NCT01624259,llogis,scale,8.241e+00,5.299e-01
NCT01694771,llogis,shape,9.014e-02,1.117e-01
NCT01694771,llogis,scale,6.850e+00,2.913e-01
NCT01708902,llogis,shape,-4.101e-01,1.208e-01
NCT01708902,llogis,scale,8.625e+00,4.745e-01
NCT01719003,llogis,shape,-4.294e-01,8.920e-02
NCT01719003,llogis,scale,8.713e+00,3.571e-01
NCT01769378,llogis,shape,-1.596e-01,1.988e-01
NCT01769378,llogis,scale,7.980e+00,6.297e-01
NCT02152371,llogis,shape,-2.564e-01,1.873e-01
NCT02152371,llogis,scale,8.261e+00,6.281e-01
NCT02172287,llogis,shape,-4.938e-01,8.779e-02
NCT02172287,llogis,scale,7.516e+00,2.820e-01
NCT02172586,llogis,shape,-2.109e-01,1.401e-01
NCT02172586,llogis,scale,7.470e+00,3.882e-01
NCT02175355,llogis,shape,2.743e-01,1.223e-01
NCT02175355,llogis,scale,5.803e+00,2.741e-01
NCT02177344,llogis,shape,-5.679e-01,1.097e-01
NCT02177344,llogis,scale,8.603e+00,4.540e-01
NCT02177396,llogis,shape,-7.119e-03,1.724e-01
NCT02177396,llogis,scale,6.545e+00,4.797e-01
NCT02177461,llogis,shape,4.738e-02,8.992e-02
NCT02177461,llogis,scale,6.021e+00,1.452e-01
NCT02183064,llogis,shape,-4.811e-01,9.246e-02
NCT02183064,llogis,scale,8.988e+00,3.943e-01
NCT02200653,llogis,shape,-6.087e-02,2.327e-01
NCT02200653,llogis,scale,7.257e+00,7.945e-01
NCT02240680,llogis,shape,-4.403e-01,1.999e-01
NCT02240680,llogis,scale,9.282e+00,8.514e-01
NCT02489968,llogis,shape,-8.372e-02,1.917e-01
NCT02489968,llogis,scale,8.706e+00,6.363e-01
NCT02750410,llogis,shape,-5.723e-02,2.353e-01
NCT02750410,llogis,scale,8.131e+00,6.077e-01
NCT00034840,lnorm,meanlog,7.478e+00,5.922e-01
NCT00034840,lnorm,sdlog,8.167e-01,1.529e-01
NCT00051558,lnorm,meanlog,7.375e+00,1.298e-01
NCT00051558,lnorm,sdlog,6.903e-01,5.868e-02
NCT00125918,lnorm,meanlog,6.648e+00,2.739e-01
NCT00125918,lnorm,sdlog,6.297e-01,1.063e-01
NCT00152984,lnorm,meanlog,1.147e+01,1.670e+00
NCT00152984,lnorm,sdlog,1.344e+00,2.218e-01
NCT00153023,lnorm,meanlog,8.609e+00,2.614e-01
NCT00153023,lnorm,sdlog,1.120e+00,6.566e-02
NCT00153088,lnorm,meanlog,8.617e+00,2.951e-01
NCT00153088,lnorm,sdlog,8.714e-01,9.083e-02
NCT00168831,lnorm,meanlog,7.700e+00,1.766e-01
NCT00168831,lnorm,sdlog,1.034e+00,5.214e-02
NCT00168844,lnorm,meanlog,8.325e+00,2.285e-01
NCT00168844,lnorm,sdlog,1.092e+00,6.003e-02
NCT00168857,lnorm,meanlog,8.040e+00,2.052e-01
NCT00168857,lnorm,sdlog,9.273e-01,6.335e-02
NCT00239421,lnorm,meanlog,8.019e+00,8.149e-01
NCT00239421,lnorm,sdlog,8.911e-01,1.771e-01
NCT00274014,lnorm,meanlog,7.376e+00,1.438e-01
NCT00274014,lnorm,sdlog,8.227e-01,5.229e-02
NCT00274053,lnorm,meanlog,7.600e+00,2.471e-01
NCT00274053,lnorm,sdlog,8.609e-01,8.160e-02
NCT00274079,lnorm,meanlog,7.393e+00,4.632e-01
NCT00274079,lnorm,sdlog,9.658e-01,1.221e-01
NCT00274547,lnorm,meanlog,7.301e+00,1.405e-01
NCT00274547,lnorm,sdlog,9.621e-01,4.264e-02
NCT00274560,lnorm,meanlog,8.287e+00,4.840e-01
NCT00274560,lnorm,sdlog,1.122e+00,1.038e-01
NCT00274573,lnorm,meanlog,6.867e+00,1.753e-01
NCT00274573,lnorm,sdlog,9.791e-01,5.007e-02
NCT00274599,lnorm,meanlog,7.770e+00,3.564e-01
NCT00274599,lnorm,sdlog,9.433e-01,9.206e-02
NCT00274612,lnorm,meanlog,7.429e+00,3.233e-01
NCT00274612,lnorm,sdlog,7.963e-01,9.526e-02
NCT00277264,lnorm,meanlog,7.918e+00,2.065e-01
NCT00277264,lnorm,sdlog,1.095e+00,5.673e-02
NCT00321854,lnorm,meanlog,7.216e+00,1.643e-01
NCT00321854,lnorm,sdlog,7.022e-01,6.885e-02
NCT00384930,lnorm,meanlog,6.772e+00,2.129e-01
NCT00384930,lnorm,sdlog,7.479e-01,7.130e-02
NCT00402233,lnorm,meanlog,7.309e+00,5.205e-01
NCT00402233,lnorm,sdlog,9.000e-01,1.447e-01
NCT00466167,lnorm,meanlog,8.838e+00,4.654e-01
NCT00466167,lnorm,sdlog,1.127e+00,1.050e-01
NCT00472199,lnorm,meanlog,6.566e+00,2.531e-01
NCT00472199,lnorm,sdlog,9.377e-01,8.561e-02
NCT00479401,lnorm,meanlog,8.399e+00,3.654e-01
NCT00479401,lnorm,sdlog,1.172e+00,8.613e-02
NCT00525512,lnorm,meanlog,7.857e+00,1.989e-01
NCT00525512,lnorm,sdlog,9.799e-01,6.467e-02
NCT00563381,lnorm,meanlog,8.782e+00,9.783e-02
NCT00563381,lnorm,sdlog,1.100e+00,2.431e-02
NCT00601250,lnorm,meanlog,9.279e+00,5.774e-01
NCT00601250,lnorm,sdlog,1.042e+00,1.223e-01
NCT00602472,lnorm,meanlog,8.636e+00,3.973e-01
NCT00602472,lnorm,sdlog,8.755e-01,9.943e-02
NCT00622284,lnorm,meanlog,8.552e+00,1.440e-01
NCT00622284,lnorm,sdlog,9.732e-01,4.414e-02
NCT00641043,lnorm,meanlog,9.627e+00,7.927e-01
NCT00641043,lnorm,sdlog,1.184e+00,1.511e-01
NCT00654381,lnorm,meanlog,7.078e+00,2.233e-01
NCT00654381,lnorm,sdlog,-2.899e-01,1.690e-01
NCT00734474,lnorm,meanlog,7.149e+00,8.492e-02
NCT00734474,lnorm,sdlog,6.825e-01,3.840e-02
NCT00740051,lnorm,meanlog,7.356e+00,2.794e-01
NCT00740051,lnorm,sdlog,6.377e-01,1.186e-01
NCT00772538,lnorm,meanlog,1.047e+01,7.085e-01
NCT00772538,lnorm,sdlog,1.286e+00,1.271e-01
NCT00776984,lnorm,meanlog,8.166e+00,3.491e-01
NCT00776984,lnorm,sdlog,6.589e-01,1.211e-01
NCT00782210,lnorm,meanlog,8.312e+00,2.831e-01
NCT00782210,lnorm,sdlog,1.042e+00,7.702e-02
NCT00782509,lnorm,meanlog,8.808e+00,3.454e-01
NCT00782509,lnorm,sdlog,1.078e+00,8.581e-02
NCT00793624,lnorm,meanlog,8.365e+00,2.436e-01
NCT00793624,lnorm,sdlog,1.058e+00,6.512e-02
NCT00798161,lnorm,meanlog,8.273e+00,3.416e-01
NCT00798161,lnorm,sdlog,1.009e+00,8.613e-02
NCT00800683,lnorm,meanlog,7.401e+00,3.945e-01
NCT00800683,lnorm,sdlog,8.447e-01,1.416e-01
NCT00848081,lnorm,meanlog,6.720e+00,4.087e-01
NCT00848081,lnorm,sdlog,6.387e-01,1.452e-01
NCT00855582,lnorm,meanlog,7.059e+00,3.389e-01
NCT00855582,lnorm,sdlog,7.859e-01,1.046e-01
NCT00861757,lnorm,meanlog,7.178e+00,4.028e-01
NCT00861757,lnorm,sdlog,6.706e-01,1.270e-01
NCT00915772,lnorm,meanlog,7.733e+00,2.109e-01
NCT00915772,lnorm,sdlog,7.188e-01,7.934e-02
NCT00926289,lnorm,meanlog,7.802e+00,5.176e-01
NCT00926289,lnorm,sdlog,9.545e-01,1.169e-01
NCT00954447,lnorm,meanlog,9.111e+00,2.533e-01
NCT00954447,lnorm,sdlog,9.857e-01,6.629e-02
NCT00970632,lnorm,meanlog,6.705e+00,3.202e-01
NCT00970632,lnorm,sdlog,5.740e-01,1.182e-01
NCT00975195,lnorm,meanlog,8.090e+00,1.247e-01
NCT00975195,lnorm,sdlog,8.839e-01,3.932e-02
NCT00996658,lnorm,meanlog,7.886e+00,5.241e-01
NCT00996658,lnorm,sdlog,8.024e-01,1.563e-01
NCT01064687,lnorm,meanlog,9.132e+00,3.341e-01
NCT01064687,lnorm,sdlog,9.550e-01,8.496e-02
NCT01075282,lnorm,meanlog,1.030e+01,4.566e-01
NCT01075282,lnorm,sdlog,1.156e+00,9.439e-02
NCT01084005,lnorm,meanlog,7.894e+00,6.159e-01
NCT01084005,lnorm,sdlog,7.132e-01,1.893e-01
NCT01087502,lnorm,meanlog,7.770e+00,3.410e-01
NCT01087502,lnorm,sdlog,8.347e-01,1.168e-01
NCT01126437,lnorm,meanlog,8.881e+00,4.649e-02
NCT01126437,lnorm,sdlog,1.043e+00,1.319e-02
NCT01126580,lnorm,meanlog,8.106e+00,2.232e-01
NCT01126580,lnorm,sdlog,8.582e-01,7.143e-02
NCT01131676,lnorm,meanlog,7.200e+00,5.957e-02
NCT01131676,lnorm,sdlog,4.042e-01,3.507e-02
NCT01159600,lnorm,meanlog,9.556e+00,4.452e-01
NCT01159600,lnorm,sdlog,1.125e+00,8.766e-02
NCT01164501,lnorm,meanlog,8.935e+00,3.458e-01
NCT01164501,lnorm,sdlog,9.653e-01,9.052e-02
NCT01167881,lnorm,meanlog,1.061e+01,2.611e-01
NCT01167881,lnorm,sdlog,1.238e+00,5.559e-02
NCT01177813,lnorm,meanlog,8.278e+00,3.393e-01
NCT01177813,lnorm,sdlog,9.100e-01,8.944e-02
NCT01191268,lnorm,meanlog,8.245e+00,2.287e-01
NCT01191268,lnorm,sdlog,9.378e-01,6.803e-02
NCT01191944,lnorm,meanlog,1.092e+01,1.031e+00
NCT01191944,lnorm,sdlog,1.448e+00,1.474e-01
NCT01194830,lnorm,meanlog,6.838e+00,3.495e-01
NCT01194830,lnorm,sdlog,9.229e-01,1.149e-01
NCT01204294,lnorm,meanlog,1.066e+01,7.842e-01
NCT01204294,lnorm,sdlog,1.133e+00,1.464e-01
NCT01210001,lnorm,meanlog,9.834e+00,7.430e-01
NCT01210001,lnorm,sdlog,1.192e+00,1.375e-01
NCT01214239,lnorm,meanlog,8.423e+00,6.351e-01
NCT01214239,lnorm,sdlog,9.294e-01,1.618e-01
NCT01306214,lnorm,meanlog,8.081e+00,2.639e-01
NCT01306214,lnorm,sdlog,7.534e-01,9.026e-02
NCT01335464,lnorm,meanlog,7.469e+00,1.979e-01
NCT01335464,lnorm,sdlog,7.116e-01,7.787e-02
NCT01335477,lnorm,meanlog,7.616e+00,2.077e-01
NCT01335477,lnorm,sdlog,7.898e-01,7.531e-02
NCT01368081,lnorm,meanlog,9.706e+00,3.882e-01
NCT01368081,lnorm,sdlog,1.005e+00,8.778e-02
NCT01370005,lnorm,meanlog,7.984e+00,5.828e-01
NCT01370005,lnorm,sdlog,7.200e-01,1.513e-01
NCT01422876,lnorm,meanlog,9.104e+00,2.536e-01
NCT01422876,lnorm,sdlog,1.082e+00,6.091e-02
NCT01558271,lnorm,meanlog,1.115e+01,7.938e-01
NCT01558271,lnorm,sdlog,1.367e+00,1.282e-01
NCT01621178,lnorm,meanlog,8.706e+00,3.388e-01
NCT01621178,lnorm,sdlog,1.050e+00,8.787e-02
NCT01624259,lnorm,meanlog,9.218e+00,6.554e-01
NCT01624259,lnorm,sdlog,9.570e-01,1.456e-01
NCT01694771,lnorm,meanlog,7.711e+00,3.673e-01
NCT01694771,lnorm,sdlog,7.794e-01,9.952e-02
NCT01708902,lnorm,meanlog,9.587e+00,5.717e-01
NCT01708902,lnorm,sdlog,1.199e+00,1.089e-01
NCT01719003,lnorm,meanlog,9.940e+00,4.438e-01
NCT01719003,lnorm,sdlog,1.269e+00,7.859e-02
NCT01769378,lnorm,meanlog,8.677e+00,7.471e-01
NCT01769378,lnorm,sdlog,9.323e-01,1.814e-01
NCT02152371,lnorm,meanlog,9.028e+00,7.498e-01
NCT02152371,lnorm,sdlog,1.032e+00,1.695e-01
NCT02172287,lnorm,meanlog,8.029e+00,3.332e-01
NCT02172287,lnorm,sdlog,1.188e+00,7.818e-02
NCT02172586,lnorm,meanlog,8.281e+00,4.882e-01
NCT02172586,lnorm,sdlog,1.026e+00,1.222e-01
NCT02175355,lnorm,meanlog,6.467e+00,3.392e-01
NCT02175355,lnorm,sdlog,5.731e-01,1.106e-01
NCT02177344,lnorm,meanlog,9.298e+00,5.254e-01
NCT02177344,lnorm,sdlog,1.278e+00,1.002e-01
NCT02177396,lnorm,meanlog,7.290e+00,5.850e-01
NCT02177396,lnorm,sdlog,8.225e-01,1.558e-01
NCT02177461,lnorm,meanlog,6.214e+00,1.728e-01
NCT02177461,lnorm,sdlog,6.101e-01,8.003e-02
NCT02183064,lnorm,meanlog,1.002e+01,4.752e-01
NCT02183064,lnorm,sdlog,1.270e+00,8.358e-02
NCT02200653,lnorm,meanlog,8.630e+00,1.038e+00
NCT02200653,lnorm,sdlog,1.003e+00,2.067e-01
NCT02240680,lnorm,meanlog,1.055e+01,1.065e+00
NCT02240680,lnorm,sdlog,1.279e+00,1.799e-01
NCT02489968,lnorm,meanlog,9.604e+00,7.887e-01
NCT02489968,lnorm,sdlog,9.184e-01,1.769e-01
NCT02750410,lnorm,meanlog,8.700e+00,7.241e-01
NCT02750410,lnorm,sdlog,8.178e-01,2.118e-01
NCT00034840,weibull,shape,8.495e-02,1.750e-01
NCT00034840,weibull,scale,6.521e+00,4.649e-01
NCT00051558,weibull,shape,-2.197e-01,6.888e-02
NCT00051558,weibull,scale,7.709e+00,1.105e-01
NCT00125918,weibull,shape,1.023e-01,1.233e-01
NCT00125918,weibull,scale,6.338e+00,2.323e-01
NCT00152984,weibull,shape,-3.786e-01,2.488e-01
NCT00152984,weibull,scale,9.375e+00,1.279e+00
NCT00153023,weibull,shape,-4.766e-01,7.545e-02
NCT00153023,weibull,scale,8.420e+00,2.334e-01
NCT00153088,weibull,shape,-1.844e-01,1.034e-01
NCT00153088,weibull,scale,8.346e+00,2.543e-01
NCT00168831,weibull,shape,-4.519e-01,6.041e-02
NCT00168831,weibull,scale,7.758e+00,1.584e-01
NCT00168844,weibull,shape,-4.611e-01,6.916e-02
NCT00168844,weibull,scale,8.192e+00,2.043e-01
NCT00168857,weibull,shape,-2.479e-01,7.398e-02
NCT00168857,weibull,scale,7.815e+00,1.762e-01
NCT00239421,weibull,shape,2.902e-02,1.980e-01
NCT00239421,weibull,scale,6.862e+00,6.401e-01
NCT00274014,weibull,shape,-2.342e-01,6.064e-02
NCT00274014,weibull,scale,7.410e+00,1.283e-01
NCT00274053,weibull,shape,-2.462e-01,9.327e-02
NCT00274053,weibull,scale,7.527e+00,2.245e-01
NCT00274079,weibull,shape,-2.574e-01,1.386e-01
NCT00274079,weibull,scale,6.984e+00,4.075e-01
NCT00274547,weibull,shape,-3.338e-01,4.928e-02
NCT00274547,weibull,scale,7.203e+00,1.250e-01
NCT00274560,weibull,shape,-3.460e-01,1.186e-01
NCT00274560,weibull,scale,7.540e+00,4.090e-01
NCT00274573,weibull,shape,-3.434e-01,5.719e-02
NCT00274573,weibull,scale,6.714e+00,1.583e-01
NCT00274599,weibull,shape,-1.807e-01,1.049e-01
NCT00274599,weibull,scale,7.188e+00,3.039e-01
NCT00274612,weibull,shape,-1.243e-02,1.087e-01
NCT00274612,weibull,scale,6.865e+00,2.719e-01
NCT00277264,weibull,shape,-5.206e-01,6.526e-02
NCT00277264,weibull,scale,7.985e+00,1.883e-01
NCT00321854,weibull,shape,-1.502e-01,7.940e-02
NCT00321854,weibull,scale,7.324e+00,1.487e-01
NCT00384930,weibull,shape,-4.981e-02,8.108e-02
NCT00384930,weibull,scale,6.477e+00,1.873e-01
NCT00402233,weibull,shape,-2.377e-01,1.610e-01
NCT00402233,weibull,scale,7.047e+00,4.759e-01
NCT00466167,weibull,shape,-4.187e-01,1.192e-01
NCT00466167,weibull,scale,8.361e+00,4.076e-01
NCT00472199,weibull,shape,-4.440e-01,9.761e-02
NCT00472199,weibull,scale,6.840e+00,2.380e-01
NCT00479401,weibull,shape,-5.225e-01,9.890e-02
NCT00479401,weibull,scale,8.169e+00,3.263e-01
NCT00525512,weibull,shape,-4.308e-01,7.539e-02
NCT00525512,weibull,scale,8.039e+00,1.753e-01
NCT00563381,weibull,shape,-4.442e-01,2.778e-02
NCT00563381,weibull,scale,8.532e+00,8.763e-02
NCT00601250,weibull,shape,-2.034e-01,1.386e-01
NCT00601250,weibull,scale,8.313e+00,4.737e-01
NCT00602472,weibull,shape,-3.348e-02,1.128e-01
NCT00602472,weibull,scale,7.810e+00,3.253e-01
NCT00622284,weibull,shape,-3.602e-01,5.116e-02
NCT00622284,weibull,scale,8.511e+00,1.280e-01
NCT00641043,weibull,shape,-3.655e-01,1.721e-01
NCT00641043,weibull,scale,8.625e+00,6.564e-01
NCT00654381,weibull,shape,1.064e+00,1.838e-01
NCT00654381,weibull,scale,6.878e+00,1.933e-01
NCT00734474,weibull,shape,-1.739e-01,4.530e-02
NCT00734474,weibull,scale,7.406e+00,7.203e-02
NCT00740051,weibull,shape,-2.822e-02,1.367e-01
NCT00740051,weibull,scale,7.325e+00,2.507e-01
NCT00772538,weibull,shape,-4.935e-01,1.455e-01
NCT00772538,weibull,scale,9.506e+00,5.932e-01
NCT00776984,weibull,shape,8.589e-02,1.377e-01
NCT00776984,weibull,scale,7.772e+00,3.010e-01
NCT00782210,weibull,shape,-3.770e-01,8.924e-02
NCT00782210,weibull,scale,8.084e+00,2.479e-01
NCT00782509,weibull,shape,-3.941e-01,9.827e-02
NCT00782509,weibull,scale,8.466e+00,3.052e-01
NCT00793624,weibull,shape,-4.152e-01,7.482e-02
NCT00793624,weibull,scale,8.188e+00,2.178e-01
NCT00798161,weibull,shape,-2.873e-01,9.817e-02
NCT00798161,weibull,scale,7.804e+00,2.976e-01
NCT00800683,weibull,shape,-2.471e-01,1.649e-01
NCT00800683,weibull,scale,7.425e+00,3.463e-01
NCT00848081,weibull,shape,7.581e-02,1.636e-01
NCT00848081,weibull,scale,6.399e+00,3.604e-01
NCT00855582,weibull,shape,-9.417e-02,1.172e-01
NCT00855582,weibull,scale,6.747e+00,3.035e-01
NCT00861757,weibull,shape,7.949e-02,1.409e-01
NCT00861757,weibull,scale,6.736e+00,3.514e-01
NCT00915772,weibull,shape,-1.293e-02,9.304e-02
NCT00915772,weibull,scale,7.492e+00,1.781e-01
NCT00926289,weibull,shape,-1.541e-01,1.299e-01
NCT00926289,weibull,scale,7.029e+00,4.384e-01
NCT00954447,weibull,shape,-2.823e-01,7.512e-02
NCT00954447,weibull,scale,8.717e+00,2.215e-01
NCT00970632,weibull,shape,2.064e-01,1.347e-01
NCT00970632,weibull,scale,6.263e+00,2.691e-01
NCT00975195,weibull,shape,-2.012e-01,4.557e-02
NCT00975195,weibull,scale,7.844e+00,1.080e-01
NCT00996658,weibull,shape,-4.815e-03,1.799e-01
NCT00996658,weibull,scale,7.297e+00,4.341e-01
NCT01064687,weibull,shape,-2.006e-01,9.659e-02
NCT01064687,weibull,scale,8.566e+00,2.871e-01
NCT01075282,weibull,shape,-3.882e-01,1.075e-01
NCT01075282,weibull,scale,9.561e+00,3.890e-01
NCT01084005,weibull,shape,9.727e-02,2.157e-01
NCT01084005,weibull,scale,7.292e+00,5.126e-01
NCT01087502,weibull,shape,-1.314e-01,1.375e-01
NCT01087502,weibull,scale,7.527e+00,2.842e-01
NCT01126437,weibull,shape,-3.809e-01,1.548e-02
NCT01126437,weibull,scale,8.712e+00,3.961e-02
NCT01126580,weibull,shape,-1.962e-01,8.212e-02
NCT01126580,weibull,scale,7.904e+00,1.981e-01
NCT01131676,weibull,shape,1.505e-01,4.173e-02
NCT01131676,weibull,scale,7.408e+00,4.410e-02
NCT01159600,weibull,shape,-2.925e-01,9.950e-02
NCT01159600,weibull,scale,8.539e+00,3.666e-01
NCT01164501,weibull,shape,-2.431e-01,1.029e-01
NCT01164501,weibull,scale,8.480e+00,3.016e-01
NCT01167881,weibull,shape,-6.069e-01,6.249e-02
NCT01167881,weibull,scale,1.040e+01,2.391e-01
NCT01177813,weibull,shape,-1.246e-01,1.022e-01
NCT01177813,weibull,scale,7.643e+00,2.848e-01
NCT01191268,weibull,shape,-3.041e-01,7.766e-02
NCT01191268,weibull,scale,8.103e+00,2.072e-01
NCT01191944,weibull,shape,-6.647e-01,1.648e-01
NCT01191944,weibull,scale,9.766e+00,8.802e-01
NCT01194830,weibull,shape,-3.530e-01,1.321e-01
NCT01194830,weibull,scale,6.910e+00,3.183e-01
NCT01204294,weibull,shape,-2.755e-01,1.653e-01
NCT01204294,weibull,scale,9.498e+00,6.382e-01
NCT01210001,weibull,shape,-3.063e-01,1.587e-01
NCT01210001,weibull,scale,8.552e+00,5.869e-01
NCT01214239,weibull,shape,-1.619e-01,1.830e-01
NCT01214239,weibull,scale,7.817e+00,5.425e-01
NCT01306214,weibull,shape,-7.520e-03,1.051e-01
NCT01306214,weibull,scale,7.700e+00,2.216e-01
NCT01335464,weibull,shape,-6.590e-02,9.080e-02
NCT01335464,weibull,scale,7.370e+00,1.721e-01
NCT01335477,weibull,shape,-1.205e-01,8.822e-02
NCT01335477,weibull,scale,7.461e+00,1.772e-01
NCT01368081,weibull,shape,-1.419e-01,1.011e-01
NCT01368081,weibull,scale,8.723e+00,3.112e-01
NCT01370005,weibull,shape,1.631e-01,1.675e-01
NCT01370005,weibull,scale,7.114e+00,4.701e-01
NCT01422876,weibull,shape,-3.108e-01,7.094e-02
NCT01422876,weibull,scale,8.474e+00,2.107e-01
NCT01558271,weibull,shape,-5.324e-01,1.475e-01
NCT01558271,weibull,scale,9.894e+00,6.468e-01
NCT01621178,weibull,shape,-3.811e-01,1.007e-01
NCT01621178,weibull,scale,8.428e+00,3.010e-01
NCT01624259,weibull,shape,-1.248e-01,1.629e-01
NCT01624259,weibull,scale,8.331e+00,5.435e-01
NCT01694771,weibull,shape,7.413e-02,1.127e-01
NCT01694771,weibull,scale,6.921e+00,2.986e-01
NCT01708902,weibull,shape,-4.364e-01,1.224e-01
NCT01708902,weibull,scale,8.798e+00,4.923e-01
NCT01719003,weibull,shape,-4.492e-01,8.991e-02
NCT01719003,weibull,scale,8.855e+00,3.665e-01
NCT01769378,weibull,shape,-1.840e-01,2.012e-01
NCT01769378,weibull,scale,8.108e+00,6.524e-01
NCT02152371,weibull,shape,-2.829e-01,1.897e-01
NCT02152371,weibull,scale,8.411e+00,6.521e-01
NCT02172287,weibull,shape,-5.457e-01,8.992e-02
NCT02172287,weibull,scale,7.831e+00,2.978e-01
NCT02172586,weibull,shape,-2.483e-01,1.419e-01
NCT02172586,weibull,scale,7.650e+00,4.053e-01
NCT02175355,weibull,shape,2.549e-01,1.233e-01
NCT02175355,weibull,scale,5.871e+00,2.816e-01
NCT02177344,weibull,shape,-6.088e-01,1.117e-01
NCT02177344,weibull,scale,8.888e+00,4.783e-01
NCT02177396,weibull,shape,-3.006e-02,1.742e-01
NCT02177396,weibull,scale,6.648e+00,4.954e-01
NCT02177461,weibull,shape,-4.326e-02,9.287e-02
NCT02177461,weibull,scale,6.294e+00,1.530e-01
NCT02183064,weibull,shape,-5.070e-01,9.361e-02
NCT02183064,weibull,scale,9.171e+00,4.090e-01
NCT02200653,weibull,shape,-7.206e-02,2.339e-01
NCT02200653,weibull,scale,7.317e+00,8.077e-01
NCT02240680,weibull,shape,-4.658e-01,2.012e-01
NCT02240680,weibull,scale,9.452e+00,8.764e-01
NCT02489968,weibull,shape,-1.030e-01,1.929e-01
NCT02489968,weibull,scale,8.804e+00,6.515e-01
NCT02750410,weibull,shape,-9.009e-02,2.387e-01
NCT02750410,weibull,scale,8.275e+00,6.347e-01
